Tiempo (s),Avance Inst (m),Velocidad (m/s),Crudo Frontal Izq (ps7),Crudo Frontal Der (ps0),Promedio Frontal Crudo,Crudo Lateral Izq (ps5),Crudo Lateral Der (ps2),Filtro EMA ps7,Filtro EMA ps0,Filtro EMA ps5,Filtro EMA ps2,Kalman Frontal,Kalman Lateral Izq,Kalman Lateral Der
0.032,1.559814,48.7442,68.32,63.66,65.99,63.76,115.76,13.66,12.73,12.75,23.15,177.73,64.3,113.82
0.064,0.001223,0.0382,69.98,61.33,65.66,71.49,111.18,24.93,22.45,24.5,40.76,123.41,67.84,112.52
0.096,0.001287,0.0402,70.27,67.79,69.03,71.73,108.07,34.0,31.52,33.95,54.22,106.25,69.16,111.01
0.128,0.001287,0.0402,67.07,65.12,66.1,69.97,100.29,40.61,38.24,41.15,63.43,97.06,69.37,108.18
0.16,0.001287,0.0402,66.82,69.65,68.23,62.72,84.16,45.85,44.52,45.46,67.58,92.18,67.9,102.86
0.192,0.001287,0.0402,65.05,67.92,66.48,65.8,80.41,49.69,49.2,49.53,70.15,88.74,67.49,98.5
0.224,0.001287,0.0402,67.43,62.82,65.13,64.97,70.76,53.24,51.93,52.62,70.27,86.16,67.05,93.6
0.256,0.001287,0.0402,70.81,64.48,67.64,68.08,63.39,56.75,54.44,55.71,68.89,84.74,67.22,88.64
0.288,0.001287,0.0402,66.48,72.76,69.62,63.73,68.85,58.7,58.1,57.32,68.88,84.01,66.68,85.56
0.32,0.001287,0.0402,64.94,66.53,65.74,74.83,64.21,59.95,59.79,60.82,67.95,82.93,67.89,82.37
0.352,0.001287,0.0402,68.63,66.84,67.73,57.4,60.78,61.68,61.2,60.13,66.51,82.38,66.37,79.24
0.384,0.001223,0.0382,59.89,58.9,59.39,71.1,69.27,61.32,60.74,62.33,67.07,80.7,67.04,77.83
0.416,0.001287,0.0402,65.89,67.06,66.47,71.89,72.76,62.24,62.0,64.24,68.2,80.38,67.72,77.13
0.448,0.001287,0.0402,64.99,61.55,63.27,67.55,67.64,62.79,61.91,64.9,68.09,79.7,67.69,75.82
0.48,0.001287,0.0402,66.33,71.16,68.74,67.13,66.83,63.5,63.76,65.35,67.84,79.88,67.62,74.6
0.512,0.001287,0.0402,72.53,65.57,69.05,64.85,54.67,65.3,64.12,65.25,65.2,80.09,67.24,71.91
0.544,0.001287,0.0402,69.83,70.14,69.99,61.35,69.07,66.21,65.33,64.47,65.98,80.41,66.45,71.53
0.576,0.001223,0.0382,68.79,65.33,67.06,71.6,64.64,66.73,65.33,65.9,65.71,80.22,67.14,70.61
0.608,0.001287,0.0402,68.46,63.28,65.87,74.12,63.42,67.07,64.92,67.54,65.25,79.98,68.07,69.66
0.64,0.001287,0.0402,63.75,66.61,65.18,68.15,70.78,66.41,65.26,67.66,66.36,79.69,68.08,69.81
0.672,0.001287,0.0402,65.88,68.1,66.99,69.68,69.42,66.3,65.83,68.07,66.97,79.68,68.29,69.75
0.704,0.001287,0.0402,66.56,73.49,70.03,66.45,65.62,66.35,67.36,67.74,66.7,80.08,68.05,69.21
0.736,0.001287,0.0402,64.82,68.16,66.49,60.34,66.61,66.05,67.52,66.26,66.68,79.96,67.03,68.86
0.768,0.001287,0.0402,73.45,67.73,70.59,67.11,67.0,67.53,67.56,66.43,66.75,80.4,67.04,68.62
0.8,0.001287,0.0402,61.46,66.62,64.04,62.18,68.68,66.31,67.37,65.58,67.13,79.92,66.4,68.63
0.832,0.001287,0.0402,68.49,67.88,68.18,67.58,72.36,66.75,67.47,65.98,68.18,80.04,66.55,69.12
0.864,0.001287,0.0402,71.24,69.81,70.52,66.02,65.17,67.65,67.94,65.99,67.58,80.46,66.48,68.6
0.896,0.001287,0.0402,69.76,65.37,67.57,70.73,70.97,68.07,67.43,66.94,68.25,80.44,67.04,68.91
0.928,0.001223,0.0382,62.07,67.51,64.79,69.3,67.67,66.87,67.44,67.41,68.14,79.97,67.34,68.75
0.96,0.001287,0.0402,65.36,66.31,65.83,71.32,68.28,66.57,67.22,68.19,68.17,79.78,67.87,68.69
0.992,0.001287,0.0402,63.06,72.06,67.56,67.12,73.66,65.87,68.18,67.98,69.26,79.85,67.77,69.34
1.024,0.001287,0.0402,63.58,63.23,63.41,67.63,62.73,65.41,67.19,67.91,67.96,79.36,67.75,68.47
1.056,0.001287,0.0402,67.38,61.21,64.29,69.33,66.11,65.8,66.0,68.19,67.59,79.05,67.96,68.16
1.088,0.001287,0.0402,67.35,65.99,66.67,70.84,69.81,66.11,66.0,68.72,68.03,79.09,68.34,68.38
1.12,0.001223,0.0382,62.78,62.1,62.44,63.98,67.03,65.45,65.22,67.77,67.83,78.49,67.76,68.2
1.152,0.001287,0.0402,67.01,67.21,67.11,67.9,69.31,65.76,65.62,67.8,68.13,78.67,67.78,68.34
1.184,0.001287,0.0402,68.93,67.69,68.31,67.94,68.85,66.39,66.03,67.83,68.27,78.98,67.8,68.41
1.216,0.001287,0.0402,64.66,60.3,62.48,66.11,66.03,66.05,64.88,67.48,67.82,78.48,67.58,68.1
1.248,0.001287,0.0402,69.24,63.68,66.46,65.77,66.65,66.69,64.64,67.14,67.59,78.57,67.34,67.91
1.28,0.001287,0.0402,70.42,65.76,68.09,66.86,69.96,67.43,64.87,67.08,68.06,78.87,67.28,68.18
1.312,0.001287,0.0402,62.22,67.99,65.11,62.88,72.49,66.39,65.49,66.24,68.95,78.73,66.7,68.75
1.344,0.001287,0.0402,65.16,69.93,67.54,64.4,57.99,66.14,66.38,65.88,66.76,78.93,66.4,67.33
1.376,0.001287,0.0402,67.17,67.52,67.34,68.0,63.62,66.35,66.61,66.3,66.13,79.08,66.61,66.84
1.408,0.001287,0.0402,68.81,66.72,67.76,65.9,66.48,66.84,66.63,66.22,66.2,79.27,66.51,66.79
1.44,0.001223,0.0382,67.76,63.59,65.68,62.48,70.76,67.02,66.02,65.47,67.11,79.07,65.98,67.32
1.472,0.001287,0.0402,71.37,65.91,68.64,66.86,70.07,67.89,66.0,65.75,67.71,79.37,66.1,67.68
1.504,0.001287,0.0402,68.84,70.3,69.57,72.25,68.11,68.08,66.86,67.05,67.79,79.76,66.91,67.74
1.536,0.001287,0.0402,59.78,67.59,63.69,63.19,63.79,66.42,67.01,66.28,66.99,79.32,66.42,67.22
1.568,0.001287,0.0402,73.18,61.14,67.16,66.47,71.63,67.77,65.83,66.32,67.91,79.39,66.42,67.8
1.6,0.001287,0.0402,67.01,66.33,66.67,71.64,64.54,67.62,65.93,67.38,67.24,79.39,67.11,67.37
1.632,0.001223,0.0382,64.93,61.6,63.27,70.12,66.83,67.08,65.07,67.93,67.16,78.86,67.51,67.3
1.664,0.001287,0.0402,71.0,64.93,67.97,67.28,69.85,67.87,65.04,67.8,67.7,79.1,67.48,67.63
1.696,0.001287,0.0402,66.13,71.0,68.57,69.05,66.98,67.52,66.23,68.05,67.55,79.39,67.68,67.55
1.728,0.001287,0.0402,64.19,65.18,64.69,64.52,68.79,66.85,66.02,67.34,67.8,79.13,67.27,67.71
1.76,0.001287,0.0402,67.38,66.05,66.71,64.08,69.52,66.96,66.03,66.69,68.14,79.17,66.85,67.95
1.792,0.001287,0.0402,61.03,66.59,63.81,68.43,64.0,65.77,66.14,67.04,67.31,78.82,67.06,67.43
1.824,0.001287,0.0402,64.83,68.19,66.51,64.71,62.74,65.58,66.55,66.57,66.4,78.88,66.75,66.81
1.856,0.001287,0.0402,77.66,66.6,72.13,72.37,69.33,68.0,66.56,67.73,66.99,79.66,67.49,67.14
1.888,0.001287,0.0402,73.28,67.39,70.34,68.03,69.15,69.06,66.73,67.79,67.42,80.11,67.56,67.41
1.92,0.001287,0.0402,71.83,66.3,69.06,72.14,75.06,69.61,66.64,68.66,68.95,80.33,68.16,68.42
1.952,0.001287,0.0402,69.47,70.06,69.77,68.11,68.46,69.58,67.32,68.55,68.85,80.62,68.16,68.42
1.984,0.001223,0.0382,67.69,64.82,66.25,67.63,65.85,69.2,66.82,68.37,68.25,80.32,68.09,68.08
2.016,0.001287,0.0402,69.8,68.27,69.03,64.98,63.98,69.32,67.11,67.69,67.39,80.51,67.68,67.54
2.048,0.001287,0.0402,71.62,68.53,70.08,65.41,60.44,69.78,67.4,67.23,66.0,80.81,67.38,66.61
2.08,0.001287,0.0402,67.67,61.08,64.38,68.83,64.82,69.36,66.13,67.55,65.77,80.32,67.57,66.37
2.112,0.001287,0.0402,62.7,70.51,66.61,71.23,70.53,68.03,67.01,68.29,66.72,80.19,68.05,66.92
2.144,0.001287,0.0402,69.63,67.84,68.74,66.54,64.96,68.35,67.18,67.94,66.37,80.36,67.85,66.66
2.176,0.001223,0.0382,81.36,66.26,73.81,67.49,65.15,70.95,66.99,67.85,66.12,81.09,67.8,66.46
2.208,0.001287,0.0402,85.93,66.71,76.32,68.46,69.58,73.95,66.94,67.97,66.81,82.14,67.89,66.87
2.24,0.001287,0.0402,91.15,72.07,81.61,70.21,63.89,77.39,67.96,68.42,66.23,83.74,68.2,66.48
2.272,0.001287,0.0402,100.16,63.93,82.05,65.59,67.55,81.94,67.16,67.85,66.49,85.2,67.85,66.62
2.304,0.001287,0.0402,108.41,65.12,86.76,71.67,57.56,87.24,66.75,68.62,64.71,87.08,68.36,65.43
2.336,0.001287,0.0402,109.75,68.88,89.31,59.92,67.97,91.74,67.18,66.88,65.36,89.05,67.24,65.76
2.368,0.001287,0.0402,104.32,67.74,86.03,71.87,61.94,94.25,67.29,67.87,64.67,90.33,67.85,65.26
2.4,0.001287,0.0402,111.12,64.86,87.99,73.34,64.38,97.63,66.8,68.97,64.61,91.7,68.58,65.14
2.432,0.001287,0.0402,116.3,71.63,93.96,69.73,62.84,101.36,67.77,69.12,64.26,93.67,68.73,64.84
2.464,0.001287,0.0402,114.64,69.43,92.04,62.06,64.22,104.02,68.1,67.71,64.25,95.13,67.85,64.76
2.496,0.001223,0.0382,121.34,67.81,94.57,68.68,75.59,107.48,68.04,67.9,66.52,96.65,67.96,66.18
2.528,0.001287,0.0402,120.28,67.13,93.7,64.7,69.09,110.04,67.86,67.26,67.03,97.94,67.53,66.57
2.56,0.001287,0.0402,134.73,69.47,102.1,75.48,62.99,114.98,68.18,68.91,66.23,100.17,68.58,66.1
2.592,0.001287,0.0402,143.51,60.62,102.06,59.57,66.95,120.68,66.67,67.04,66.37,102.09,67.39,66.21
2.624,0.001287,0.0402,138.32,62.03,100.17,69.95,76.04,124.21,65.74,67.62,68.3,103.52,67.73,67.5
2.656,0.001287,0.0402,161.58,64.77,113.18,69.66,65.54,131.69,65.55,68.03,67.75,106.47,67.98,67.24
2.688,0.001223,0.0382,161.94,66.17,114.05,69.99,64.48,137.74,65.67,68.42,67.1,109.06,68.25,66.88
2.72,0.001287,0.0402,176.49,70.29,123.39,69.93,68.81,145.49,66.6,68.72,67.44,112.62,68.47,67.13
2.752,0.001287,0.0402,191.73,67.29,129.51,67.06,69.74,154.74,66.73,68.39,67.9,116.53,68.28,67.48
2.784,0.001287,0.0402,204.09,65.15,134.62,71.34,66.65,164.61,66.42,68.98,67.65,120.59,68.69,67.37
2.816,0.001287,0.0402,222.16,62.09,142.12,83.69,69.94,176.12,65.55,71.92,68.11,125.1,70.66,67.71
2.848,0.001287,0.0402,222.69,68.35,145.52,80.52,68.66,185.43,66.11,73.64,68.22,129.47,71.96,67.83
2.88,0.001287,0.0402,249.52,65.33,157.43,100.97,56.09,198.25,65.95,79.11,65.79,134.83,75.79,66.29
2.912,0.001287,0.0402,275.43,68.63,172.03,105.8,66.8,213.69,66.49,84.45,65.99,141.41,79.74,66.35
2.944,0.001287,0.0402,300.05,67.18,183.61,113.99,66.71,230.96,66.63,90.36,66.14,148.65,84.25,66.4
2.976,0.001287,0.0402,317.42,65.14,191.28,112.69,68.09,248.25,66.33,94.82,66.53,155.94,88.0,66.62
3.008,0.001287,0.0402,347.54,69.19,208.36,111.55,66.59,268.11,66.9,98.17,66.54,164.53,91.1,66.62
3.04,0.001223,0.0382,382.16,62.49,222.33,123.9,67.82,290.92,66.02,103.31,66.8,173.73,95.43,66.78
3.072,0.001287,0.0402,439.9,67.18,253.54,135.03,63.9,320.72,66.25,109.66,66.22,185.93,100.64,66.4
3.104,0.001287,0.0402,533.7,65.99,299.85,134.75,60.02,363.31,66.2,114.68,64.98,202.62,105.14,65.56
3.136,0.001287,0.0402,612.48,69.82,341.15,155.78,68.81,413.15,66.93,122.9,65.74,222.55,111.81,65.99
3.168,0.001287,0.0402,845.1,79.33,462.21,168.91,68.89,499.54,69.41,132.1,66.37,255.81,119.34,66.37
3.2,0.001223,0.0382,706.38,71.01,388.7,153.29,64.03,540.9,69.73,136.34,65.9,274.91,123.81,66.06
3.232,0.001287,0.0402,719.47,77.5,398.49,148.73,70.46,576.62,71.28,138.82,66.82,292.87,127.09,66.64
3.264,0.001287,0.0402,690.41,78.37,384.39,160.52,69.04,599.38,72.7,143.16,67.26,306.61,131.5,66.96
3.296,0.001287,0.0402,730.5,66.78,398.64,151.7,70.03,625.6,71.52,144.87,67.81,401.5,134.16,67.36
3.328,-0.0,-0.0,558.47,68.87,313.67,173.14,71.64,612.18,70.99,150.52,68.58,389.92,139.3,67.93
3.36,0.0,0.0,483.02,70.21,276.61,179.1,69.22,586.34,70.83,156.24,68.71,374.99,144.54,68.1
3.392,0.0,0.0,497.14,67.02,282.08,218.71,70.66,568.5,70.07,168.73,69.1,362.75,154.32,68.43
3.424,0.0,0.0,436.87,69.14,253.0,223.58,67.94,542.18,69.88,179.7,68.87,348.29,163.44,68.37
3.456,6.4e-05,0.002,402.95,65.9,234.43,235.61,68.12,514.33,69.09,190.88,68.72,333.37,172.95,68.34
3.488,-0.0,-0.0,366.03,60.9,213.47,262.59,62.42,484.67,67.45,205.22,67.46,317.57,184.76,67.56
3.52,0.0,0.0,346.69,69.54,208.11,294.23,63.22,457.07,67.87,223.03,66.61,303.14,199.19,66.99
3.552,-6.4e-05,-0.002,329.62,72.45,201.04,321.17,63.65,431.58,68.79,242.65,66.02,289.61,215.26,66.55
3.584,0.0,0.0,292.17,70.58,181.37,345.21,67.11,403.7,69.14,263.17,66.24,275.34,232.39,66.62
3.616,0.0,0.0,297.29,68.74,183.01,351.87,70.76,382.42,69.06,280.91,67.14,263.18,248.13,67.17
3.648,0.0,0.0,242.68,66.26,154.47,376.9,66.32,354.47,68.5,300.11,66.98,248.85,265.1,67.06
3.68,-0.0,-0.0,228.69,60.29,144.49,409.92,65.24,329.31,66.86,322.07,66.63,235.1,284.18,66.82
3.712,0.0,0.0,206.66,66.8,136.73,451.61,66.32,304.78,66.85,347.98,66.57,222.14,306.25,66.75
3.744,6.4e-05,0.002,191.9,75.43,133.67,477.58,70.95,282.21,68.56,373.9,67.44,210.56,328.82,67.3
3.776,0.0,0.0,175.84,71.59,123.72,555.84,72.42,260.93,69.17,410.29,68.44,199.12,358.74,67.98
3.808,-6.4e-05,-0.002,150.26,60.27,105.26,580.11,64.94,238.8,67.39,444.25,67.74,186.67,387.91,67.58
3.84,0.0,0.0,147.0,64.64,105.82,612.39,65.99,220.44,66.84,477.88,67.39,176.01,417.49,67.37
3.872,-0.0,-0.0,124.56,61.89,93.22,737.21,66.83,201.26,65.85,529.74,67.28,165.1,459.62,67.3
3.904,0.0,0.0,128.09,68.36,98.23,843.59,67.77,186.63,66.35,592.51,67.38,156.29,510.22,67.36
