tiempo_s,x_m,y_m,phi_rad,waypoint_idx,estado,dist_wp_m,dist_recorrida_m
0.032,0.85,0.85,3.14159,1,AVANZAR,0.0,0.0
0.064,0.85,0.85,-3.14159,1,AVANZAR,0.1,0.0
0.096,0.84807,0.85,-3.14159,1,AVANZAR,0.09807,0.00193
0.128,0.84614,0.85,-3.14159,1,AVANZAR,0.09614,0.00386
0.16,0.84421,0.85,-3.14159,1,AVANZAR,0.09421,0.00579
0.192,0.84228,0.85,-3.14159,1,AVANZAR,0.09228,0.00772
0.224,0.84034,0.85,-3.14159,1,AVANZAR,0.09034,0.00966
0.256,0.83854,0.85,-3.14159,1,AVANZAR,0.08854,0.01146
0.288,0.83661,0.85,-3.14159,1,AVANZAR,0.08661,0.01339
0.32,0.83468,0.85,-3.14159,1,AVANZAR,0.08468,0.01532
0.352,0.83275,0.85,-3.14159,1,AVANZAR,0.08275,0.01725
0.384,0.83082,0.85,-3.14159,1,AVANZAR,0.08082,0.01918
0.416,0.82889,0.85,-3.14159,1,AVANZAR,0.07889,0.02111
0.448,0.82696,0.85,-3.14159,1,AVANZAR,0.07696,0.02304
0.48,0.82502,0.85,-3.14159,1,AVANZAR,0.07502,0.02498
0.512,0.82309,0.85,-3.14159,1,AVANZAR,0.07309,0.02691
0.544,0.82129,0.85,-3.14159,1,AVANZAR,0.07129,0.02871
0.576,0.81949,0.85,-3.14159,1,AVANZAR,0.06949,0.03051
0.608,0.81769,0.85,-3.14159,1,AVANZAR,0.06769,0.03231
0.64,0.81588,0.85,-3.14159,1,AVANZAR,0.06588,0.03412
0.672,0.81421,0.85,-3.14159,1,AVANZAR,0.06421,0.03579
0.704,0.81267,0.85,-3.14159,1,AVANZAR,0.06267,0.03733
0.736,0.81099,0.85,-3.14159,1,AVANZAR,0.06099,0.03901
0.768,0.80945,0.85,-3.14159,1,AVANZAR,0.05945,0.04055
0.8,0.8079,0.85,-3.14159,1,AVANZAR,0.0579,0.0421
0.832,0.80649,0.85,-3.14159,1,AVANZAR,0.05649,0.04351
0.864,0.80494,0.85,-3.14159,1,AVANZAR,0.05494,0.04506
0.896,0.80365,0.85,-3.14159,1,AVANZAR,0.05365,0.04635
0.928,0.80224,0.85,-3.14159,1,AVANZAR,0.05224,0.04776
0.96,0.80082,0.85,-3.14159,1,AVANZAR,0.05082,0.04918
0.992,0.79953,0.85,-3.14159,1,AVANZAR,0.04953,0.05047
1.024,0.79838,0.85,-3.14159,1,AVANZAR,0.04838,0.05162
1.056,0.79709,0.85,-3.14159,1,AVANZAR,0.04709,0.05291
1.088,0.79593,0.85,-3.14159,1,AVANZAR,0.04593,0.05407
1.12,0.79464,0.85,-3.14159,1,AVANZAR,0.04464,0.05536
1.152,0.79361,0.85,-3.14159,1,AVANZAR,0.04361,0.05639
1.184,0.79245,0.85,-3.14159,1,AVANZAR,0.04245,0.05755
1.216,0.79129,0.85,-3.14159,1,AVANZAR,0.04129,0.05871
1.248,0.79026,0.85,-3.14159,1,AVANZAR,0.04026,0.05974
1.28,0.78923,0.85,-3.14159,1,AVANZAR,0.03923,0.06077
1.312,0.7882,0.85,-3.14159,1,AVANZAR,0.0382,0.0618
1.344,0.7873,0.85,-3.14159,1,AVANZAR,0.0373,0.0627
1.376,0.78627,0.85,-3.14159,1,AVANZAR,0.03627,0.06373
1.408,0.78537,0.85,-3.14159,1,AVANZAR,0.03537,0.06463
1.44,0.78447,0.85,-3.14159,1,AVANZAR,0.03447,0.06553
1.472,0.78357,0.85,-3.14159,1,AVANZAR,0.03357,0.06643
1.504,0.7828,0.85,-3.14159,1,AVANZAR,0.0328,0.0672
1.536,0.7819,0.85,-3.14159,1,AVANZAR,0.0319,0.0681
1.568,0.78112,0.85,-3.14159,1,AVANZAR,0.03112,0.06888
1.6,0.78035,0.85,-3.14159,1,AVANZAR,0.03035,0.06965
1.632,0.77958,0.85,-3.14159,1,AVANZAR,0.02958,0.07042
1.664,0.77881,0.85,-3.14159,1,AVANZAR,0.02881,0.07119
1.696,0.77803,0.85,-3.14159,1,AVANZAR,0.02803,0.07197
1.728,0.77726,0.85,-3.14159,1,AVANZAR,0.02726,0.07274
1.76,0.77662,0.85,-3.14159,1,AVANZAR,0.02662,0.07338
1.792,0.77597,0.85,-3.14159,1,AVANZAR,0.02597,0.07403
1.824,0.7752,0.85,-3.14159,1,AVANZAR,0.0252,0.0748
1.856,0.77456,0.85,-3.14159,1,AVANZAR,0.02456,0.07544
1.888,0.77404,0.85,-3.14159,1,AVANZAR,0.02404,0.07596
1.92,0.7734,0.85,-3.14159,1,AVANZAR,0.0234,0.0766
1.952,0.77276,0.85,-3.14159,1,AVANZAR,0.02276,0.07724
1.984,0.77224,0.85,-3.14159,1,AVANZAR,0.02224,0.07776
2.016,0.7716,0.85,-3.14159,1,AVANZAR,0.0216,0.0784
2.048,0.77108,0.85,-3.14159,1,AVANZAR,0.02108,0.07892
2.08,0.77057,0.85,-3.14159,1,AVANZAR,0.02057,0.07943
2.112,0.77005,0.85,-3.14159,1,AVANZAR,0.02005,0.07995
2.144,0.76954,0.85,-3.14159,1,AVANZAR,0.01954,0.08046
2.176,0.76902,0.85,-3.14159,1,AVANZAR,0.01902,0.08098
2.208,0.76851,0.85,-3.14159,1,AVANZAR,0.01851,0.08149
2.24,0.76799,0.85,-3.14159,1,AVANZAR,0.01799,0.08201
2.272,0.76761,0.85,-3.14159,1,AVANZAR,0.01761,0.08239
2.304,0.76709,0.85,-3.14159,1,AVANZAR,0.01709,0.08291
2.336,0.76671,0.85,-3.14159,1,AVANZAR,0.01671,0.08329
2.368,0.76619,0.85,-3.14159,1,AVANZAR,0.01619,0.08381
2.4,0.7658,0.85,-3.14159,1,AVANZAR,0.0158,0.0842
2.432,0.76542,0.85,-3.14159,1,AVANZAR,0.01542,0.08458
2.464,0.76503,0.85,-3.14159,1,AVANZAR,0.01503,0.08497
2.496,0.76465,0.85,-3.14159,1,AVANZAR,0.01465,0.08535
2.528,0.76426,0.85,-3.14159,1,AVANZAR,0.01426,0.08574
2.56,0.76387,0.85,-3.14159,1,AVANZAR,0.01387,0.08613
2.592,0.76362,0.85,-3.14159,1,AVANZAR,0.01362,0.08638
2.624,0.76323,0.85,-3.14159,1,AVANZAR,0.01323,0.08677
2.656,0.76284,0.85,-3.14159,1,AVANZAR,0.01284,0.08716
2.688,0.76259,0.85,-3.14159,1,AVANZAR,0.01259,0.08741
2.72,0.7622,0.85,-3.14159,1,AVANZAR,0.0122,0.0878
2.752,0.76194,0.85,-3.14159,1,AVANZAR,0.01194,0.08806
2.784,0.76156,0.85,-3.14159,1,AVANZAR,0.01156,0.08844
2.816,0.7613,0.85,-3.14159,1,AVANZAR,0.0113,0.0887
2.848,0.76104,0.85,-3.14159,1,AVANZAR,0.01104,0.08896
2.88,0.76078,0.85,-3.14159,1,AVANZAR,0.01078,0.08922
2.912,0.7604,0.85,-3.14159,1,AVANZAR,0.0104,0.0896
2.944,0.76014,0.85,-3.14159,1,AVANZAR,0.01014,0.08986
2.976,0.75988,0.85,-3.14159,1,AVANZAR,0.00988,0.09012
3.008,0.75962,0.85,-3.14159,1,AVANZAR,0.00962,0.09038
3.04,0.7595,0.85,-3.14159,1,AVANZAR,0.0095,0.0905
3.072,0.75924,0.85,-3.14159,1,AVANZAR,0.00924,0.09076
3.104,0.75898,0.85,-3.14159,1,AVANZAR,0.00898,0.09102
3.136,0.75872,0.85,-3.14159,1,AVANZAR,0.00872,0.09128
3.168,0.75847,0.85,-3.14159,1,AVANZAR,0.00847,0.09153
3.2,0.75834,0.85,-3.14159,1,AVANZAR,0.00834,0.09166
3.232,0.75808,0.85,-3.14159,1,AVANZAR,0.00808,0.09192
3.264,0.75782,0.85,-3.14159,1,AVANZAR,0.00782,0.09218
3.296,0.75769,0.85,-3.14159,1,AVANZAR,0.00769,0.09231
3.328,0.75744,0.85,-3.14159,1,AVANZAR,0.00744,0.09256
3.36,0.75731,0.85,-3.14159,1,AVANZAR,0.00731,0.09269
3.392,0.75705,0.85,-3.14159,1,AVANZAR,0.00705,0.09295
3.424,0.75692,0.85,-3.14159,1,AVANZAR,0.00692,0.09308
3.456,0.75679,0.85,-3.14159,1,AVANZAR,0.00679,0.09321
3.488,0.75653,0.85,-3.14159,1,AVANZAR,0.00653,0.09347
3.52,0.75641,0.85,-3.14159,1,AVANZAR,0.00641,0.09359
3.552,0.75628,0.85,-3.14159,1,AVANZAR,0.00628,0.09372
3.584,0.75602,0.85,-3.14159,1,AVANZAR,0.00602,0.09398
3.616,0.75589,0.85,-3.14159,1,AVANZAR,0.00589,0.09411
3.648,0.75576,0.85,-3.14159,1,AVANZAR,0.00576,0.09424
3.68,0.75563,0.85,-3.14159,1,AVANZAR,0.00563,0.09437
3.712,0.7555,0.85,-3.14159,1,AVANZAR,0.0055,0.0945
3.744,0.75538,0.85,-3.14159,1,AVANZAR,0.00538,0.09462
3.776,0.75525,0.85,-3.14159,1,AVANZAR,0.00525,0.09475
3.808,0.75512,0.85,-3.14159,1,AVANZAR,0.00512,0.09488
3.84,0.75,0.85,-3.14159,2,GIRAR,0.00499,0.09501
3.872,0.75,0.85,-3.14159,2,GIRAR,1.5708,0.09501
3.904,0.74994,0.85,-3.10446,2,GIRAR,1.53366,0.09507
3.936,0.74994,0.85,-3.06484,2,GIRAR,1.49405,0.09507
3.968,0.74994,0.85,-3.02523,2,GIRAR,1.45444,0.09507
4.0,0.75,0.85001,-2.98809,2,GIRAR,1.4173,0.09514
4.032,0.74994,0.85,-2.95096,2,GIRAR,1.38016,0.0952
4.064,0.74994,0.85,-2.91135,2,GIRAR,1.34055,0.0952
4.096,0.74994,0.85,-2.87173,2,GIRAR,1.30094,0.0952
4.128,0.74994,0.85,-2.83212,2,GIRAR,1.26133,0.0952
4.16,0.74994,0.85,-2.79746,2,GIRAR,1.22666,0.0952
4.192,0.74994,0.85,-2.75785,2,GIRAR,1.18705,0.0952
4.224,0.74994,0.85,-2.71824,2,GIRAR,1.14744,0.0952
4.256,0.74994,0.85,-2.67862,2,GIRAR,1.10783,0.0952
4.288,0.74994,0.85,-2.64396,2,GIRAR,1.07317,0.0952
4.32,0.74994,0.85,-2.60435,2,GIRAR,1.03355,0.0952
4.352,0.74994,0.85,-2.56474,2,GIRAR,0.99394,0.0952
4.384,0.74994,0.85,-2.52513,2,GIRAR,0.95433,0.0952
4.416,0.74994,0.85,-2.49047,2,GIRAR,0.91967,0.0952
4.448,0.74994,0.85,-2.45085,2,GIRAR,0.88006,0.0952
4.48,0.74994,0.85,-2.41124,2,GIRAR,0.84044,0.0952
4.512,0.74994,0.85,-2.37163,2,GIRAR,0.80083,0.0952
4.544,0.74994,0.85,-2.33697,2,GIRAR,0.76617,0.0952
4.576,0.74994,0.85,-2.29736,2,GIRAR,0.72656,0.0952
4.608,0.74994,0.85,-2.25774,2,GIRAR,0.68695,0.0952
4.64,0.74994,0.85,-2.21813,2,GIRAR,0.64733,0.0952
4.672,0.74994,0.85,-2.18347,2,GIRAR,0.61267,0.0952
4.704,0.74994,0.85,-2.14386,2,GIRAR,0.57306,0.0952
4.736,0.74994,0.85,-2.10425,2,GIRAR,0.53345,0.0952
4.768,0.74994,0.85,-2.06463,2,GIRAR,0.49384,0.0952
4.8,0.74994,0.85,-2.02997,2,GIRAR,0.45918,0.0952
4.832,0.74994,0.85,-1.99036,2,GIRAR,0.41956,0.0952
4.864,0.74994,0.85,-1.95075,2,GIRAR,0.37995,0.0952
4.896,0.74994,0.85,-1.91114,2,GIRAR,0.34034,0.0952
4.928,0.74994,0.85,-1.87647,2,GIRAR,0.30568,0.0952
4.96,0.74994,0.85,-1.83686,2,GIRAR,0.26607,0.0952
4.992,0.74994,0.85,-1.79725,2,GIRAR,0.22645,0.0952
5.024,0.74994,0.85,-1.75764,2,GIRAR,0.18684,0.0952
5.056,0.74994,0.85,-1.72298,2,GIRAR,0.15218,0.0952
5.088,0.74994,0.85,-1.68336,2,GIRAR,0.11257,0.0952
5.12,0.74994,0.85,-1.64375,2,GIRAR,0.07296,0.0952
5.152,0.74994,0.85,-1.60414,2,GIRAR,0.03334,0.0952
5.184,0.74994,0.85,-1.56948,2,GIRAR,0.0,0.0952
5.216,0.74994,0.85,-1.52987,2,GIRAR,0.0,0.0952
5.248,0.74994,0.85,-1.49025,2,GIRAR,0.0,0.0952
5.28,0.74994,0.85,-1.45064,2,GIRAR,0.0,0.0952
5.312,0.74994,0.85,-1.41598,2,GIRAR,0.0,0.0952
5.344,0.74994,0.85,-1.5708,2,AVANZAR,0.0,0.0952
5.376,0.74994,0.85,-1.5708,2,AVANZAR,0.1,0.0952
5.408,0.74994,0.84807,-1.5708,2,AVANZAR,0.09807,0.09713
5.44,0.74994,0.84613,-1.5708,2,AVANZAR,0.09613,0.09907
5.472,0.74994,0.8442,-1.5708,2,AVANZAR,0.0942,0.101
5.504,0.74994,0.84234,-1.56832,2,AVANZAR,0.09234,0.10286
5.536,0.74994,0.84041,-1.56832,2,AVANZAR,0.09041,0.10479
5.568,0.74995,0.83847,-1.56832,2,AVANZAR,0.08847,0.10673
5.6,0.74995,0.83661,-1.5708,2,AVANZAR,0.08661,0.10859
5.632,0.74995,0.83468,-1.5708,2,AVANZAR,0.08468,0.11052
5.664,0.74995,0.83275,-1.5708,2,AVANZAR,0.08275,0.11245
5.696,0.74995,0.83081,-1.5708,2,AVANZAR,0.08081,0.11439
5.728,0.74995,0.82888,-1.5708,2,AVANZAR,0.07888,0.11632
5.76,0.74995,0.82695,-1.5708,2,AVANZAR,0.07695,0.11825
5.792,0.74995,0.82502,-1.5708,2,AVANZAR,0.07502,0.12018
5.824,0.74995,0.82315,-1.56832,2,AVANZAR,0.07315,0.12205
5.856,0.74995,0.82129,-1.5708,2,AVANZAR,0.07129,0.12391
5.888,0.74995,0.81949,-1.5708,2,AVANZAR,0.06949,0.12571
5.92,0.74995,0.81768,-1.5708,2,AVANZAR,0.06768,0.12752
5.952,0.74996,0.81594,-1.56832,2,AVANZAR,0.06594,0.12925
5.984,0.74996,0.81421,-1.5708,2,AVANZAR,0.06421,0.13099
6.016,0.74996,0.8126,-1.56832,2,AVANZAR,0.0626,0.1326
6.048,0.74996,0.81099,-1.5708,2,AVANZAR,0.06099,0.13421
6.08,0.74996,0.80944,-1.5708,2,AVANZAR,0.05944,0.13576
6.112,0.74996,0.8079,-1.5708,2,AVANZAR,0.0579,0.1373
6.144,0.74996,0.80648,-1.5708,2,AVANZAR,0.05648,0.13872
6.176,0.74996,0.805,-1.56832,2,AVANZAR,0.055,0.1402
6.208,0.74997,0.80359,-1.56832,2,AVANZAR,0.05359,0.14161
6.24,0.74997,0.80223,-1.5708,2,AVANZAR,0.05223,0.14297
6.272,0.74997,0.80088,-1.56832,2,AVANZAR,0.05088,0.14432
6.304,0.74997,0.79959,-1.56832,2,AVANZAR,0.04959,0.1456
6.336,0.74998,0.79831,-1.56832,2,AVANZAR,0.04831,0.14689
6.368,0.74998,0.79708,-1.5708,2,AVANZAR,0.04708,0.14812
6.4,0.74998,0.79586,-1.56832,2,AVANZAR,0.04586,0.14934
6.432,0.74998,0.7947,-1.56832,2,AVANZAR,0.0447,0.1505
6.464,0.74999,0.79354,-1.56832,2,AVANZAR,0.04354,0.15166
6.496,0.74999,0.79245,-1.5708,2,AVANZAR,0.04245,0.15275
6.528,0.74999,0.79136,-1.56832,2,AVANZAR,0.04136,0.15384
6.56,0.74999,0.79026,-1.5708,2,AVANZAR,0.04026,0.15494
6.592,0.74999,0.78923,-1.5708,2,AVANZAR,0.03923,0.15597
6.624,0.74999,0.78827,-1.56832,2,AVANZAR,0.03827,0.15693
6.656,0.74999,0.7873,-1.5708,2,AVANZAR,0.0373,0.1579
6.688,0.74999,0.78633,-1.56832,2,AVANZAR,0.03633,0.15887
6.72,0.75,0.78537,-1.5708,2,AVANZAR,0.03537,0.15983
6.752,0.75,0.78447,-1.5708,2,AVANZAR,0.03447,0.16073
6.784,0.75,0.78357,-1.5708,2,AVANZAR,0.03357,0.16163
6.816,0.75,0.78273,-1.56832,2,AVANZAR,0.03273,0.16247
6.848,0.75,0.78189,-1.5708,2,AVANZAR,0.03189,0.16331
6.88,0.75,0.78112,-1.5708,2,AVANZAR,0.03112,0.16408
6.912,0.75,0.78028,-1.56832,2,AVANZAR,0.03028,0.16492
6.944,0.75,0.77951,-1.56832,2,AVANZAR,0.02951,0.16569
6.976,0.75,0.7788,-1.5708,2,AVANZAR,0.0288,0.1664
7.008,0.75,0.77803,-1.5708,2,AVANZAR,0.02803,0.16717
7.04,0.75,0.77732,-1.56832,2,AVANZAR,0.02732,0.16788
7.072,0.75,0.77661,-1.5708,2,AVANZAR,0.02661,0.16859
7.104,0.75,0.77591,-1.56832,2,AVANZAR,0.02591,0.16929
7.136,0.75001,0.77526,-1.56832,2,AVANZAR,0.02526,0.16994
7.168,0.75001,0.77462,-1.56832,2,AVANZAR,0.02462,0.17058
7.2,0.75001,0.77398,-1.56832,2,AVANZAR,0.02398,0.17122
7.232,0.75001,0.7734,-1.5708,2,AVANZAR,0.0234,0.1718
7.264,0.75001,0.77275,-1.5708,2,AVANZAR,0.02275,0.17245
7.296,0.75001,0.77217,-1.56832,2,AVANZAR,0.02217,0.17303
7.328,0.75001,0.77159,-1.5708,2,AVANZAR,0.02159,0.17361
7.36,0.75001,0.77108,-1.5708,2,AVANZAR,0.02108,0.17412
7.392,0.75001,0.77056,-1.5708,2,AVANZAR,0.02056,0.17464
7.424,0.75001,0.77005,-1.5708,2,AVANZAR,0.02005,0.17515
7.456,0.75001,0.76953,-1.5708,2,AVANZAR,0.01953,0.17567
7.488,0.75001,0.76902,-1.5708,2,AVANZAR,0.01902,0.17618
7.52,0.75001,0.7685,-1.5708,2,AVANZAR,0.0185,0.1767
7.552,0.75001,0.76799,-1.5708,2,AVANZAR,0.01799,0.17721
7.584,0.75001,0.7676,-1.5708,2,AVANZAR,0.0176,0.1776
7.616,0.75001,0.76709,-1.5708,2,AVANZAR,0.01709,0.17811
7.648,0.75001,0.7667,-1.5708,2,AVANZAR,0.0167,0.1785
7.68,0.75001,0.76625,-1.56832,2,AVANZAR,0.01625,0.17895
7.712,0.75001,0.7658,-1.5708,2,AVANZAR,0.0158,0.1794
7.744,0.75001,0.76541,-1.5708,2,AVANZAR,0.01541,0.17979
7.776,0.75001,0.76503,-1.5708,2,AVANZAR,0.01503,0.18017
7.808,0.75001,0.76464,-1.5708,2,AVANZAR,0.01464,0.18056
7.84,0.75001,0.76426,-1.5708,2,AVANZAR,0.01426,0.18094
7.872,0.75001,0.76393,-1.56832,2,AVANZAR,0.01393,0.18127
7.904,0.75001,0.76355,-1.56832,2,AVANZAR,0.01355,0.18165
7.936,0.75001,0.76323,-1.5708,2,AVANZAR,0.01323,0.18197
7.968,0.75001,0.76284,-1.5708,2,AVANZAR,0.01284,0.18236
8.0,0.75001,0.76258,-1.5708,2,AVANZAR,0.01258,0.18262
8.032,0.75001,0.7622,-1.5708,2,AVANZAR,0.0122,0.183
8.064,0.75001,0.76194,-1.5708,2,AVANZAR,0.01194,0.18326
8.096,0.75001,0.76162,-1.56832,2,AVANZAR,0.01162,0.18358
8.128,0.75001,0.76129,-1.5708,2,AVANZAR,0.01129,0.18391
8.16,0.75001,0.76104,-1.5708,2,AVANZAR,0.01104,0.18416
8.192,0.75001,0.76078,-1.5708,2,AVANZAR,0.01078,0.18442
8.224,0.75002,0.76046,-1.56832,2,AVANZAR,0.01046,0.18474
8.256,0.75002,0.7602,-1.56832,2,AVANZAR,0.0102,0.185
8.288,0.75002,0.75994,-1.56832,2,AVANZAR,0.00994,0.18526
8.32,0.75002,0.75969,-1.56832,2,AVANZAR,0.00969,0.18551
8.352,0.75002,0.75943,-1.56832,2,AVANZAR,0.00943,0.18577
8.384,0.75002,0.75917,-1.56832,2,AVANZAR,0.00917,0.18603
8.416,0.75002,0.75898,-1.5708,2,AVANZAR,0.00898,0.18622
8.448,0.75002,0.75872,-1.5708,2,AVANZAR,0.00872,0.18648
8.48,0.75002,0.75846,-1.5708,2,AVANZAR,0.00846,0.18674
8.512,0.75002,0.75827,-1.56832,2,AVANZAR,0.00827,0.18693
8.544,0.75002,0.75808,-1.5708,2,AVANZAR,0.00808,0.18712
8.576,0.75002,0.75788,-1.56832,2,AVANZAR,0.00788,0.18732
8.608,0.75002,0.75769,-1.5708,2,AVANZAR,0.00769,0.18751
8.64,0.75002,0.75743,-1.5708,2,AVANZAR,0.00743,0.18777
8.672,0.75002,0.7573,-1.5708,2,AVANZAR,0.0073,0.1879
8.704,0.75002,0.75705,-1.5708,2,AVANZAR,0.00705,0.18815
8.736,0.75002,0.75692,-1.5708,2,AVANZAR,0.00692,0.18828
8.768,0.75002,0.75672,-1.56832,2,AVANZAR,0.00672,0.18848
8.8,0.75002,0.75653,-1.5708,2,AVANZAR,0.00653,0.18867
8.832,0.75002,0.7564,-1.5708,2,AVANZAR,0.0064,0.1888
8.864,0.75002,0.75621,-1.56832,2,AVANZAR,0.00621,0.18899
8.896,0.75002,0.75608,-1.56832,2,AVANZAR,0.00608,0.18912
8.928,0.75002,0.75589,-1.5708,2,AVANZAR,0.00589,0.18931
8.96,0.75002,0.75576,-1.5708,2,AVANZAR,0.00576,0.18944
8.992,0.75002,0.75563,-1.5708,2,AVANZAR,0.00563,0.18957
9.024,0.75002,0.7555,-1.5708,2,AVANZAR,0.0055,0.1897
9.056,0.75002,0.75537,-1.5708,2,AVANZAR,0.00537,0.18983
9.088,0.75002,0.75518,-1.56832,2,AVANZAR,0.00518,0.19002
9.12,0.75002,0.75505,-1.56832,2,AVANZAR,0.00505,0.19015
9.152,0.75002,0.75,-1.56832,3,GIRAR,0.00492,0.19028
9.184,0.75002,0.75,-1.5708,3,AVANZAR,0.00248,0.19028
9.216,0.75002,0.75,-1.5708,3,AVANZAR,0.1,0.19028
9.248,0.75002,0.74807,-1.5708,3,AVANZAR,0.09807,0.19221
9.28,0.75002,0.7462,-1.57327,3,AVANZAR,0.0962,0.19408
9.312,0.75001,0.74427,-1.57327,3,AVANZAR,0.09427,0.19601
9.344,0.75001,0.74234,-1.57327,3,AVANZAR,0.09234,0.19794
9.376,0.75001,0.74041,-1.57327,3,AVANZAR,0.09041,0.19987
9.408,0.75,0.73848,-1.57327,3,AVANZAR,0.08848,0.2018
9.44,0.75,0.73655,-1.57327,3,AVANZAR,0.08655,0.20373
9.472,0.74999,0.73462,-1.57327,3,AVANZAR,0.08462,0.20566
9.504,0.74999,0.73275,-1.5708,3,AVANZAR,0.08275,0.20753
9.536,0.74999,0.73082,-1.5708,3,AVANZAR,0.08082,0.20946
9.568,0.74999,0.72889,-1.5708,3,AVANZAR,0.07889,0.21139
9.6,0.74999,0.72702,-1.57327,3,AVANZAR,0.07702,0.21326
9.632,0.74998,0.72509,-1.57327,3,AVANZAR,0.07509,0.21519
9.664,0.74998,0.72316,-1.57327,3,AVANZAR,0.07316,0.21712
9.696,0.74997,0.72129,-1.5708,3,AVANZAR,0.07129,0.21899
9.728,0.74997,0.71942,-1.57327,3,AVANZAR,0.06942,0.22085
9.76,0.74997,0.71769,-1.5708,3,AVANZAR,0.06769,0.22259
9.792,0.74997,0.71595,-1.57327,3,AVANZAR,0.06595,0.22433
9.824,0.74996,0.71427,-1.57327,3,AVANZAR,0.06427,0.226
9.856,0.74996,0.7126,-1.57327,3,AVANZAR,0.0626,0.22768
9.888,0.74996,0.71106,-1.57327,3,AVANZAR,0.06106,0.22922
9.92,0.74995,0.70945,-1.5708,3,AVANZAR,0.05945,0.23083
9.952,0.74995,0.70797,-1.57327,3,AVANZAR,0.05797,0.23231
9.984,0.74995,0.70642,-1.57327,3,AVANZAR,0.05642,0.23386
10.016,0.74994,0.70501,-1.57327,3,AVANZAR,0.05501,0.23527
10.048,0.74994,0.70359,-1.57327,3,AVANZAR,0.05359,0.23669
10.08,0.74994,0.70224,-1.5708,3,AVANZAR,0.05224,0.23804
10.112,0.74994,0.70089,-1.57327,3,AVANZAR,0.05089,0.23939
10.144,0.74993,0.6996,-1.57327,3,AVANZAR,0.0496,0.24068
10.176,0.74993,0.69831,-1.57327,3,AVANZAR,0.04831,0.24197
10.208,0.74993,0.69709,-1.5708,3,AVANZAR,0.04709,0.24319
10.24,0.74993,0.69586,-1.57327,3,AVANZAR,0.04586,0.24441
10.272,0.74993,0.69471,-1.57327,3,AVANZAR,0.04471,0.24557
10.304,0.74992,0.69355,-1.57327,3,AVANZAR,0.04355,0.24673
10.336,0.74992,0.69245,-1.5708,3,AVANZAR,0.04245,0.24782
10.368,0.74992,0.69136,-1.57327,3,AVANZAR,0.04136,0.24892
10.4,0.74992,0.69033,-1.57327,3,AVANZAR,0.04033,0.24995
10.432,0.74991,0.6893,-1.57327,3,AVANZAR,0.0393,0.25098
10.464,0.74991,0.68827,-1.57327,3,AVANZAR,0.03827,0.25201
10.496,0.74991,0.68724,-1.57327,3,AVANZAR,0.03724,0.25304
10.528,0.74991,0.68634,-1.57327,3,AVANZAR,0.03634,0.25394
10.56,0.74991,0.68544,-1.57327,3,AVANZAR,0.03544,0.25484
10.592,0.7499,0.68447,-1.5708,3,AVANZAR,0.03447,0.25581
10.624,0.7499,0.68363,-1.57327,3,AVANZAR,0.03363,0.25664
10.656,0.7499,0.68273,-1.57327,3,AVANZAR,0.03273,0.25754
10.688,0.7499,0.6819,-1.5708,3,AVANZAR,0.0319,0.25838
10.72,0.7499,0.68106,-1.57327,3,AVANZAR,0.03106,0.25922
10.752,0.7499,0.68029,-1.57327,3,AVANZAR,0.03029,0.25999
10.784,0.74989,0.67951,-1.57327,3,AVANZAR,0.02952,0.26076
10.816,0.74989,0.67874,-1.57327,3,AVANZAR,0.02874,0.26154
10.848,0.74989,0.67803,-1.5708,3,AVANZAR,0.02803,0.26224
10.88,0.74989,0.67733,-1.57327,3,AVANZAR,0.02733,0.26295
10.912,0.74989,0.67662,-1.5708,3,AVANZAR,0.02662,0.26366
10.944,0.74989,0.67591,-1.57327,3,AVANZAR,0.02591,0.26437
10.976,0.74989,0.67527,-1.57327,3,AVANZAR,0.02527,0.26501
11.008,0.74989,0.67462,-1.57327,3,AVANZAR,0.02462,0.26565
11.04,0.74988,0.67398,-1.57327,3,AVANZAR,0.02398,0.2663
11.072,0.74988,0.67334,-1.57327,3,AVANZAR,0.02334,0.26694
11.104,0.74988,0.67282,-1.57327,3,AVANZAR,0.02282,0.26746
11.136,0.74988,0.67218,-1.57327,3,AVANZAR,0.02218,0.2681
11.168,0.74988,0.67166,-1.57327,3,AVANZAR,0.02166,0.26862
11.2,0.74988,0.67108,-1.5708,3,AVANZAR,0.02108,0.2692
11.232,0.74988,0.6705,-1.57327,3,AVANZAR,0.0205,0.26977
11.264,0.74988,0.66999,-1.57327,3,AVANZAR,0.01999,0.27029
11.296,0.74987,0.66947,-1.57327,3,AVANZAR,0.01947,0.2708
11.328,0.74987,0.66896,-1.57327,3,AVANZAR,0.01896,0.27132
11.36,0.74987,0.66851,-1.5708,3,AVANZAR,0.01851,0.27177
11.392,0.74987,0.66806,-1.57327,3,AVANZAR,0.01806,0.27222
11.424,0.74987,0.66754,-1.57327,3,AVANZAR,0.01754,0.27274
11.456,0.74987,0.66716,-1.57327,3,AVANZAR,0.01716,0.27312
11.488,0.74987,0.66671,-1.5708,3,AVANZAR,0.01671,0.27357
11.52,0.74987,0.66625,-1.57327,3,AVANZAR,0.01625,0.27402
11.552,0.74987,0.66587,-1.57327,3,AVANZAR,0.01587,0.27441
11.584,0.74987,0.66542,-1.5708,3,AVANZAR,0.01542,0.27486
11.616,0.74987,0.66503,-1.5708,3,AVANZAR,0.01503,0.27525
11.648,0.74987,0.66465,-1.5708,3,AVANZAR,0.01465,0.27563
11.68,0.74987,0.66432,-1.57327,3,AVANZAR,0.01432,0.27595
11.712,0.74987,0.66394,-1.57327,3,AVANZAR,0.01394,0.27634
11.744,0.74987,0.66355,-1.57327,3,AVANZAR,0.01355,0.27673
11.776,0.74986,0.66323,-1.5708,3,AVANZAR,0.01323,0.27705
11.808,0.74986,0.66291,-1.57327,3,AVANZAR,0.01291,0.27737
11.84,0.74986,0.66252,-1.57327,3,AVANZAR,0.01252,0.27776
11.872,0.74986,0.66226,-1.57327,3,AVANZAR,0.01226,0.27801
11.904,0.74986,0.66188,-1.57327,3,AVANZAR,0.01188,0.2784
11.936,0.74986,0.66162,-1.57327,3,AVANZAR,0.01162,0.27866
11.968,0.74986,0.6613,-1.5708,3,AVANZAR,0.0113,0.27898
12.0,0.74986,0.66098,-1.57327,3,AVANZAR,0.01098,0.2793
12.032,0.74986,0.66072,-1.57327,3,AVANZAR,0.01072,0.27956
12.064,0.74986,0.66046,-1.57327,3,AVANZAR,0.01046,0.27982
12.096,0.74986,0.6602,-1.57327,3,AVANZAR,0.0102,0.28007
12.128,0.74986,0.65995,-1.57327,3,AVANZAR,0.00995,0.28033
12.16,0.74986,0.65969,-1.57327,3,AVANZAR,0.00969,0.28059
12.192,0.74986,0.65943,-1.57327,3,AVANZAR,0.00943,0.28085
12.224,0.74986,0.65917,-1.57327,3,AVANZAR,0.00917,0.2811
12.256,0.74986,0.65892,-1.57327,3,AVANZAR,0.00892,0.28136
12.288,0.74986,0.65872,-1.5708,3,AVANZAR,0.00872,0.28155
12.32,0.74985,0.65853,-1.57327,3,AVANZAR,0.00853,0.28175
12.352,0.74985,0.65827,-1.57327,3,AVANZAR,0.00827,0.282
12.384,0.74985,0.65808,-1.5708,3,AVANZAR,0.00808,0.2822
12.416,0.74985,0.65789,-1.57327,3,AVANZAR,0.00789,0.28239
12.448,0.74985,0.65763,-1.57327,3,AVANZAR,0.00763,0.28265
12.48,0.74985,0.6575,-1.57327,3,AVANZAR,0.0075,0.28278
12.512,0.74985,0.65724,-1.57327,3,AVANZAR,0.00724,0.28303
12.544,0.74985,0.65711,-1.57327,3,AVANZAR,0.00711,0.28316
12.576,0.74985,0.65692,-1.5708,3,AVANZAR,0.00692,0.28336
12.608,0.74985,0.65673,-1.57327,3,AVANZAR,0.00673,0.28355
12.64,0.74985,0.6566,-1.57327,3,AVANZAR,0.0066,0.28368
12.672,0.74985,0.65641,-1.5708,3,AVANZAR,0.00641,0.28387
12.704,0.74985,0.65621,-1.57327,3,AVANZAR,0.00621,0.28406
12.736,0.74985,0.65608,-1.57327,3,AVANZAR,0.00608,0.28419
12.768,0.74985,0.65596,-1.57327,3,AVANZAR,0.00596,0.28432
12.8,0.74985,0.65576,-1.5708,3,AVANZAR,0.00576,0.28452
12.832,0.74985,0.65557,-1.57327,3,AVANZAR,0.00557,0.28471
12.864,0.74985,0.65544,-1.57327,3,AVANZAR,0.00544,0.28484
12.896,0.74985,0.65531,-1.57327,3,AVANZAR,0.00531,0.28497
12.928,0.74985,0.65518,-1.57327,3,AVANZAR,0.00518,0.28509
12.96,0.74985,0.65505,-1.57327,3,AVANZAR,0.00505,0.28522
12.992,0.74985,0.65,-1.57327,4,GIRAR,0.00493,0.28535
13.024,0.74985,0.65,-1.5708,4,AVANZAR,0.00248,0.28535
13.056,0.74985,0.65,-1.5708,4,AVANZAR,0.1,0.28535
13.088,0.74985,0.64807,-1.5708,4,AVANZAR,0.09807,0.28728
13.12,0.74985,0.64614,-1.5708,4,AVANZAR,0.09614,0.28921
13.152,0.74985,0.64427,-1.56832,4,AVANZAR,0.09427,0.29108
13.184,0.74985,0.64234,-1.56832,4,AVANZAR,0.09234,0.29301
13.216,0.74986,0.64041,-1.56832,4,AVANZAR,0.09041,0.29494
13.248,0.74986,0.63848,-1.56832,4,AVANZAR,0.08848,0.29687
13.28,0.74987,0.63661,-1.5708,4,AVANZAR,0.08661,0.29874
13.312,0.74987,0.63468,-1.5708,4,AVANZAR,0.08468,0.30067
13.344,0.74987,0.63275,-1.5708,4,AVANZAR,0.08275,0.3026
13.376,0.74987,0.63082,-1.5708,4,AVANZAR,0.08082,0.30453
13.408,0.74987,0.62889,-1.5708,4,AVANZAR,0.07889,0.30647
13.44,0.74987,0.62696,-1.5708,4,AVANZAR,0.07696,0.3084
13.472,0.74987,0.62502,-1.5708,4,AVANZAR,0.07502,0.31033
13.504,0.74987,0.62316,-1.56832,4,AVANZAR,0.07316,0.31219
13.536,0.74987,0.62129,-1.5708,4,AVANZAR,0.07129,0.31406
13.568,0.74987,0.61949,-1.5708,4,AVANZAR,0.06949,0.31586
13.6,0.74987,0.61769,-1.5708,4,AVANZAR,0.06769,0.31767
13.632,0.74987,0.61595,-1.56832,4,AVANZAR,0.06595,0.3194
13.664,0.74988,0.61421,-1.5708,4,AVANZAR,0.06421,0.32114
13.696,0.74988,0.6126,-1.56832,4,AVANZAR,0.0626,0.32275
13.728,0.74988,0.61099,-1.5708,4,AVANZAR,0.06099,0.32436
13.76,0.74988,0.60945,-1.5708,4,AVANZAR,0.05945,0.32591
13.792,0.74988,0.6079,-1.5708,4,AVANZAR,0.0579,0.32745
13.824,0.74988,0.60649,-1.5708,4,AVANZAR,0.05649,0.32887
13.856,0.74988,0.60501,-1.56832,4,AVANZAR,0.05501,0.33035
13.888,0.74989,0.60359,-1.56832,4,AVANZAR,0.05359,0.33176
13.92,0.74989,0.60224,-1.5708,4,AVANZAR,0.05224,0.33311
13.952,0.74989,0.60089,-1.56832,4,AVANZAR,0.05089,0.33447
13.984,0.74989,0.5996,-1.56832,4,AVANZAR,0.0496,0.33575
14.016,0.74989,0.59831,-1.56832,4,AVANZAR,0.04831,0.33704
14.048,0.7499,0.59709,-1.5708,4,AVANZAR,0.04709,0.33826
14.08,0.7499,0.59586,-1.56832,4,AVANZAR,0.04586,0.33949
14.112,0.7499,0.59471,-1.56832,4,AVANZAR,0.04471,0.34065
14.144,0.7499,0.59355,-1.56832,4,AVANZAR,0.04355,0.3418
14.176,0.7499,0.59245,-1.5708,4,AVANZAR,0.04245,0.3429
14.208,0.74991,0.59136,-1.56832,4,AVANZAR,0.04136,0.34399
14.24,0.74991,0.59026,-1.5708,4,AVANZAR,0.04026,0.34509
14.272,0.74991,0.58923,-1.5708,4,AVANZAR,0.03923,0.34612
14.304,0.74991,0.58827,-1.56832,4,AVANZAR,0.03827,0.34708
14.336,0.74991,0.5873,-1.5708,4,AVANZAR,0.0373,0.34805
14.368,0.74991,0.58634,-1.56832,4,AVANZAR,0.03634,0.34901
14.4,0.74991,0.58537,-1.5708,4,AVANZAR,0.03537,0.34998
14.432,0.74991,0.58447,-1.5708,4,AVANZAR,0.03447,0.35088
14.464,0.74991,0.58357,-1.5708,4,AVANZAR,0.03357,0.35178
14.496,0.74991,0.58273,-1.56832,4,AVANZAR,0.03273,0.35262
14.528,0.74991,0.5819,-1.5708,4,AVANZAR,0.0319,0.35346
14.56,0.74991,0.58112,-1.5708,4,AVANZAR,0.03112,0.35423
14.592,0.74992,0.58029,-1.56832,4,AVANZAR,0.03029,0.35506
14.624,0.74992,0.57951,-1.56832,4,AVANZAR,0.02951,0.35584
14.656,0.74992,0.57881,-1.5708,4,AVANZAR,0.02881,0.35655
14.688,0.74992,0.57803,-1.5708,4,AVANZAR,0.02803,0.35732
14.72,0.74992,0.57733,-1.56832,4,AVANZAR,0.02733,0.35803
14.752,0.74992,0.57662,-1.5708,4,AVANZAR,0.02662,0.35873
14.784,0.74992,0.57597,-1.5708,4,AVANZAR,0.02597,0.35938
14.816,0.74992,0.57527,-1.56832,4,AVANZAR,0.02527,0.36009
14.848,0.74992,0.57462,-1.56832,4,AVANZAR,0.02462,0.36073
14.88,0.74992,0.57398,-1.56832,4,AVANZAR,0.02398,0.36137
14.912,0.74992,0.5734,-1.5708,4,AVANZAR,0.0234,0.36195
14.944,0.74992,0.57276,-1.5708,4,AVANZAR,0.02276,0.3626
14.976,0.74993,0.57218,-1.56832,4,AVANZAR,0.02218,0.36318
15.008,0.74993,0.5716,-1.5708,4,AVANZAR,0.0216,0.36375
15.04,0.74993,0.57108,-1.5708,4,AVANZAR,0.02108,0.36427
15.072,0.74993,0.57057,-1.5708,4,AVANZAR,0.02057,0.36478
15.104,0.74993,0.56999,-1.56832,4,AVANZAR,0.01999,0.36536
15.136,0.74993,0.56954,-1.5708,4,AVANZAR,0.01954,0.36581
15.168,0.74993,0.56902,-1.5708,4,AVANZAR,0.01902,0.36633
15.2,0.74993,0.56851,-1.5708,4,AVANZAR,0.01851,0.36684
15.232,0.74993,0.56799,-1.5708,4,AVANZAR,0.01799,0.36736
15.264,0.74993,0.56761,-1.5708,4,AVANZAR,0.01761,0.36775
15.296,0.74993,0.56709,-1.5708,4,AVANZAR,0.01709,0.36826
15.328,0.74993,0.56671,-1.5708,4,AVANZAR,0.01671,0.36865
15.36,0.74993,0.56625,-1.56832,4,AVANZAR,0.01625,0.3691
15.392,0.74993,0.5658,-1.5708,4,AVANZAR,0.0158,0.36955
15.424,0.74993,0.56542,-1.5708,4,AVANZAR,0.01542,0.36993
15.456,0.74993,0.56503,-1.5708,4,AVANZAR,0.01503,0.37032
15.488,0.74993,0.56465,-1.5708,4,AVANZAR,0.01465,0.37071
15.52,0.74993,0.56426,-1.5708,4,AVANZAR,0.01426,0.37109
15.552,0.74993,0.56394,-1.56832,4,AVANZAR,0.01394,0.37141
15.584,0.74993,0.56355,-1.56832,4,AVANZAR,0.01355,0.3718
15.616,0.74993,0.56323,-1.5708,4,AVANZAR,0.01323,0.37212
15.648,0.74993,0.56284,-1.5708,4,AVANZAR,0.01284,0.37251
15.68,0.74993,0.56259,-1.5708,4,AVANZAR,0.01259,0.37277
15.712,0.74993,0.5622,-1.5708,4,AVANZAR,0.0122,0.37315
15.744,0.74993,0.56194,-1.5708,4,AVANZAR,0.01194,0.37341
15.776,0.74993,0.56162,-1.56832,4,AVANZAR,0.01162,0.37373
15.808,0.74993,0.5613,-1.5708,4,AVANZAR,0.0113,0.37405
15.84,0.74993,0.56104,-1.5708,4,AVANZAR,0.01104,0.37431
15.872,0.74993,0.56072,-1.56832,4,AVANZAR,0.01072,0.37463
15.904,0.74993,0.56046,-1.56832,4,AVANZAR,0.01046,0.37489
15.936,0.74993,0.5602,-1.56832,4,AVANZAR,0.0102,0.37515
15.968,0.74993,0.55995,-1.56832,4,AVANZAR,0.00995,0.37541
16.0,0.74993,0.55969,-1.56832,4,AVANZAR,0.00969,0.37566
16.032,0.74993,0.55943,-1.56832,4,AVANZAR,0.00943,0.37592
16.064,0.74994,0.55917,-1.56832,4,AVANZAR,0.00917,0.37618
16.096,0.74994,0.55898,-1.5708,4,AVANZAR,0.00898,0.37637
16.128,0.74994,0.55872,-1.5708,4,AVANZAR,0.00872,0.37663
16.16,0.74994,0.55847,-1.5708,4,AVANZAR,0.00847,0.37689
16.192,0.74994,0.55827,-1.56832,4,AVANZAR,0.00827,0.37708
16.224,0.74994,0.55808,-1.5708,4,AVANZAR,0.00808,0.37727
16.256,0.74994,0.55782,-1.5708,4,AVANZAR,0.00782,0.37753
16.288,0.74994,0.55769,-1.5708,4,AVANZAR,0.00769,0.37766
16.32,0.74994,0.55744,-1.5708,4,AVANZAR,0.00744,0.37792
16.352,0.74994,0.55731,-1.5708,4,AVANZAR,0.00731,0.37805
16.384,0.74994,0.55705,-1.5708,4,AVANZAR,0.00705,0.3783
16.416,0.74994,0.55692,-1.5708,4,AVANZAR,0.00692,0.37843
16.448,0.74994,0.55673,-1.56832,4,AVANZAR,0.00673,0.37862
16.48,0.74994,0.55653,-1.5708,4,AVANZAR,0.00653,0.37882
16.512,0.74994,0.55641,-1.5708,4,AVANZAR,0.00641,0.37895
16.544,0.74994,0.55621,-1.56832,4,AVANZAR,0.00621,0.37914
16.576,0.74994,0.55608,-1.56832,4,AVANZAR,0.00608,0.37927
16.608,0.74994,0.55589,-1.5708,4,AVANZAR,0.00589,0.37946
16.64,0.74994,0.55576,-1.5708,4,AVANZAR,0.00576,0.37959
16.672,0.74994,0.55563,-1.5708,4,AVANZAR,0.00563,0.37972
16.704,0.74994,0.5555,-1.5708,4,AVANZAR,0.0055,0.37985
16.736,0.74994,0.55538,-1.5708,4,AVANZAR,0.00538,0.37998
16.768,0.74994,0.55518,-1.56832,4,AVANZAR,0.00518,0.38017
16.8,0.74994,0.55505,-1.56832,4,AVANZAR,0.00505,0.3803
16.832,0.74994,0.55,-1.56832,5,GIRAR,0.00493,0.38043
16.864,0.74994,0.55,-1.5708,5,AVANZAR,0.00248,0.38043
16.896,0.74994,0.55,-1.5708,5,AVANZAR,0.1,0.38043
16.928,0.74994,0.54807,-1.5708,5,AVANZAR,0.09807,0.38236
16.96,0.74994,0.5462,-1.57327,5,AVANZAR,0.0962,0.38422
16.992,0.74993,0.54427,-1.57327,5,AVANZAR,0.09427,0.38616
17.024,0.74993,0.54234,-1.57327,5,AVANZAR,0.09234,0.38809
17.056,0.74992,0.54041,-1.57327,5,AVANZAR,0.09041,0.39002
17.088,0.74992,0.53848,-1.57327,5,AVANZAR,0.08848,0.39195
17.12,0.74991,0.53655,-1.57327,5,AVANZAR,0.08655,0.39388
17.152,0.74991,0.53462,-1.57327,5,AVANZAR,0.08462,0.39581
17.184,0.74991,0.53275,-1.5708,5,AVANZAR,0.08275,0.39768
17.216,0.74991,0.53082,-1.5708,5,AVANZAR,0.08082,0.39961
17.248,0.74991,0.52889,-1.5708,5,AVANZAR,0.07889,0.40154
17.28,0.7499,0.52702,-1.57327,5,AVANZAR,0.07702,0.40341
17.312,0.7499,0.52509,-1.57327,5,AVANZAR,0.07509,0.40534
17.344,0.74989,0.52316,-1.57327,5,AVANZAR,0.07316,0.40727
17.376,0.74989,0.52129,-1.5708,5,AVANZAR,0.07129,0.40914
17.408,0.74989,0.51942,-1.57327,5,AVANZAR,0.06942,0.411
17.44,0.74989,0.51769,-1.5708,5,AVANZAR,0.06769,0.41274
17.472,0.74988,0.51595,-1.57327,5,AVANZAR,0.06595,0.41448
17.504,0.74988,0.51427,-1.57327,5,AVANZAR,0.06427,0.41615
17.536,0.74988,0.5126,-1.57327,5,AVANZAR,0.0626,0.41783
17.568,0.74987,0.51099,-1.5708,5,AVANZAR,0.06099,0.41943
17.6,0.74987,0.50945,-1.5708,5,AVANZAR,0.05945,0.42098
17.632,0.74987,0.50797,-1.57327,5,AVANZAR,0.05797,0.42246
17.664,0.74987,0.50642,-1.57327,5,AVANZAR,0.05642,0.42401
17.696,0.74986,0.50501,-1.57327,5,AVANZAR,0.05501,0.42542
17.728,0.74986,0.50359,-1.57327,5,AVANZAR,0.05359,0.42684
17.76,0.74986,0.50224,-1.5708,5,AVANZAR,0.05224,0.42819
17.792,0.74986,0.50089,-1.57327,5,AVANZAR,0.05089,0.42954
17.824,0.74985,0.4996,-1.57327,5,AVANZAR,0.0496,0.43083
17.856,0.74985,0.49831,-1.57327,5,AVANZAR,0.04831,0.43212
17.888,0.74985,0.49709,-1.5708,5,AVANZAR,0.04709,0.43334
17.92,0.74985,0.49586,-1.57327,5,AVANZAR,0.04586,0.43456
17.952,0.74985,0.49471,-1.57327,5,AVANZAR,0.04471,0.43572
17.984,0.74984,0.49355,-1.57327,5,AVANZAR,0.04355,0.43688
18.016,0.74984,0.49245,-1.5708,5,AVANZAR,0.04245,0.43797
18.048,0.74984,0.49136,-1.57327,5,AVANZAR,0.04136,0.43907
18.08,0.74984,0.49033,-1.57327,5,AVANZAR,0.04033,0.4401
18.112,0.74983,0.4893,-1.57327,5,AVANZAR,0.0393,0.44113
18.144,0.74983,0.48827,-1.57327,5,AVANZAR,0.03827,0.44216
18.176,0.74983,0.48724,-1.57327,5,AVANZAR,0.03724,0.44319
18.208,0.74983,0.48634,-1.57327,5,AVANZAR,0.03634,0.44409
18.24,0.74983,0.48544,-1.57327,5,AVANZAR,0.03544,0.44499
18.272,0.74982,0.48447,-1.5708,5,AVANZAR,0.03447,0.44596
18.304,0.74982,0.48363,-1.57327,5,AVANZAR,0.03363,0.44679
18.336,0.74982,0.48273,-1.57327,5,AVANZAR,0.03273,0.44769
18.368,0.74982,0.4819,-1.5708,5,AVANZAR,0.0319,0.44853
18.4,0.74982,0.48106,-1.57327,5,AVANZAR,0.03106,0.44937
18.432,0.74982,0.48029,-1.57327,5,AVANZAR,0.03029,0.45014
18.464,0.74982,0.47951,-1.57327,5,AVANZAR,0.02952,0.45091
18.496,0.74981,0.47874,-1.57327,5,AVANZAR,0.02874,0.45168
18.528,0.74981,0.47803,-1.5708,5,AVANZAR,0.02803,0.45239
18.56,0.74981,0.47733,-1.57327,5,AVANZAR,0.02733,0.4531
18.592,0.74981,0.47662,-1.5708,5,AVANZAR,0.02662,0.45381
18.624,0.74981,0.47591,-1.57327,5,AVANZAR,0.02591,0.45452
18.656,0.74981,0.47527,-1.57327,5,AVANZAR,0.02527,0.45516
18.688,0.74981,0.47462,-1.57327,5,AVANZAR,0.02462,0.4558
18.72,0.7498,0.47398,-1.57327,5,AVANZAR,0.02398,0.45645
18.752,0.7498,0.47334,-1.57327,5,AVANZAR,0.02334,0.45709
18.784,0.7498,0.47282,-1.57327,5,AVANZAR,0.02282,0.45761
18.816,0.7498,0.47218,-1.57327,5,AVANZAR,0.02218,0.45825
18.848,0.7498,0.47166,-1.57327,5,AVANZAR,0.02166,0.45876
18.88,0.7498,0.47108,-1.5708,5,AVANZAR,0.02108,0.45934
18.912,0.7498,0.4705,-1.57327,5,AVANZAR,0.0205,0.45992
18.944,0.7498,0.46999,-1.57327,5,AVANZAR,0.01999,0.46044
18.976,0.7498,0.46947,-1.57327,5,AVANZAR,0.01947,0.46095
19.008,0.74979,0.46896,-1.57327,5,AVANZAR,0.01896,0.46147
19.04,0.74979,0.46851,-1.5708,5,AVANZAR,0.01851,0.46192
19.072,0.74979,0.46806,-1.57327,5,AVANZAR,0.01806,0.46237
19.104,0.74979,0.46754,-1.57327,5,AVANZAR,0.01754,0.46288
19.136,0.74979,0.46716,-1.57327,5,AVANZAR,0.01716,0.46327
19.168,0.74979,0.46671,-1.5708,5,AVANZAR,0.01671,0.46372
19.2,0.74979,0.46625,-1.57327,5,AVANZAR,0.01625,0.46417
19.232,0.74979,0.46587,-1.57327,5,AVANZAR,0.01587,0.46456
19.264,0.74979,0.46548,-1.57327,5,AVANZAR,0.01548,0.46494
19.296,0.74979,0.46503,-1.5708,5,AVANZAR,0.01503,0.4654
19.328,0.74979,0.46465,-1.5708,5,AVANZAR,0.01465,0.46578
19.36,0.74979,0.46432,-1.57327,5,AVANZAR,0.01432,0.4661
19.392,0.74979,0.46394,-1.57327,5,AVANZAR,0.01394,0.46649
19.424,0.74978,0.46355,-1.57327,5,AVANZAR,0.01355,0.46688
19.456,0.74978,0.46323,-1.5708,5,AVANZAR,0.01323,0.4672
19.488,0.74978,0.46291,-1.57327,5,AVANZAR,0.01291,0.46752
19.52,0.74978,0.46252,-1.57327,5,AVANZAR,0.01252,0.46791
19.552,0.74978,0.46226,-1.57327,5,AVANZAR,0.01226,0.46816
19.584,0.74978,0.46188,-1.57327,5,AVANZAR,0.01188,0.46855
19.616,0.74978,0.46162,-1.57327,5,AVANZAR,0.01162,0.46881
19.648,0.74978,0.4613,-1.5708,5,AVANZAR,0.0113,0.46913
19.68,0.74978,0.46098,-1.57327,5,AVANZAR,0.01098,0.46945
19.712,0.74978,0.46072,-1.57327,5,AVANZAR,0.01072,0.46971
19.744,0.74978,0.46046,-1.57327,5,AVANZAR,0.01046,0.46997
19.776,0.74978,0.4602,-1.57327,5,AVANZAR,0.0102,0.47022
19.808,0.74978,0.45995,-1.57327,5,AVANZAR,0.00995,0.47048
19.84,0.74978,0.45969,-1.57327,5,AVANZAR,0.00969,0.47074
19.872,0.74978,0.45943,-1.57327,5,AVANZAR,0.00943,0.471
19.904,0.74978,0.45917,-1.57327,5,AVANZAR,0.00917,0.47125
19.936,0.74977,0.45892,-1.57327,5,AVANZAR,0.00892,0.47151
19.968,0.74977,0.45872,-1.5708,5,AVANZAR,0.00872,0.4717
20.0,0.74977,0.45853,-1.57327,5,AVANZAR,0.00853,0.4719
20.032,0.74977,0.45827,-1.57327,5,AVANZAR,0.00827,0.47215
20.064,0.74977,0.45808,-1.5708,5,AVANZAR,0.00808,0.47235
20.096,0.74977,0.45789,-1.57327,5,AVANZAR,0.00789,0.47254
20.128,0.74977,0.45763,-1.57327,5,AVANZAR,0.00763,0.4728
20.16,0.74977,0.4575,-1.57327,5,AVANZAR,0.0075,0.47293
20.192,0.74977,0.45724,-1.57327,5,AVANZAR,0.00724,0.47318
20.224,0.74977,0.45711,-1.57327,5,AVANZAR,0.00711,0.47331
20.256,0.74977,0.45692,-1.5708,5,AVANZAR,0.00692,0.47351
20.288,0.74977,0.45673,-1.57327,5,AVANZAR,0.00673,0.4737
20.32,0.74977,0.4566,-1.57327,5,AVANZAR,0.0066,0.47383
20.352,0.74977,0.45641,-1.5708,5,AVANZAR,0.00641,0.47402
20.384,0.74977,0.45621,-1.57327,5,AVANZAR,0.00621,0.47421
20.416,0.74977,0.45608,-1.57327,5,AVANZAR,0.00608,0.47434
20.448,0.74977,0.45596,-1.57327,5,AVANZAR,0.00596,0.47447
20.48,0.74977,0.45576,-1.5708,5,AVANZAR,0.00576,0.47466
20.512,0.74977,0.45557,-1.57327,5,AVANZAR,0.00557,0.47486
20.544,0.74977,0.45544,-1.57327,5,AVANZAR,0.00544,0.47499
20.576,0.74977,0.45531,-1.57327,5,AVANZAR,0.00531,0.47511
20.608,0.74977,0.45518,-1.57327,5,AVANZAR,0.00518,0.47524
20.64,0.74977,0.45505,-1.57327,5,AVANZAR,0.00505,0.47537
20.672,0.74977,0.45,-1.57327,6,GIRAR,0.00493,0.4755
20.704,0.74977,0.45,-1.5708,6,AVANZAR,0.00248,0.4755
20.736,0.74977,0.45,-1.5708,6,AVANZAR,0.1,0.4755
20.768,0.74977,0.44807,-1.5708,6,AVANZAR,0.09807,0.47743
20.8,0.74977,0.44614,-1.5708,6,AVANZAR,0.09614,0.47936
20.832,0.74977,0.44421,-1.5708,6,AVANZAR,0.09421,0.48129
20.864,0.74977,0.44234,-1.56832,6,AVANZAR,0.09234,0.48316
20.896,0.74977,0.44041,-1.56832,6,AVANZAR,0.09041,0.48509
20.928,0.74978,0.43848,-1.56832,6,AVANZAR,0.08848,0.48702
20.96,0.74978,0.43661,-1.5708,6,AVANZAR,0.08661,0.48889
20.992,0.74978,0.43468,-1.5708,6,AVANZAR,0.08468,0.49082
21.024,0.74978,0.43275,-1.5708,6,AVANZAR,0.08275,0.49275
21.056,0.74978,0.43082,-1.5708,6,AVANZAR,0.08082,0.49468
21.088,0.74978,0.42889,-1.5708,6,AVANZAR,0.07889,0.49661
21.12,0.74978,0.42696,-1.5708,6,AVANZAR,0.07696,0.49855
21.152,0.74978,0.42502,-1.5708,6,AVANZAR,0.07502,0.50048
21.184,0.74978,0.42316,-1.56832,6,AVANZAR,0.07316,0.50234
21.216,0.74979,0.42129,-1.5708,6,AVANZAR,0.07129,0.50421
21.248,0.74979,0.41949,-1.5708,6,AVANZAR,0.06949,0.50601
21.28,0.74979,0.41769,-1.5708,6,AVANZAR,0.06769,0.50781
21.312,0.74979,0.41595,-1.56832,6,AVANZAR,0.06595,0.50955
21.344,0.74979,0.41421,-1.5708,6,AVANZAR,0.06421,0.51129
21.376,0.74979,0.4126,-1.56832,6,AVANZAR,0.0626,0.5129
21.408,0.74979,0.41099,-1.5708,6,AVANZAR,0.06099,0.51451
21.44,0.74979,0.40945,-1.5708,6,AVANZAR,0.05945,0.51605
21.472,0.74979,0.4079,-1.5708,6,AVANZAR,0.0579,0.5176
21.504,0.74979,0.40649,-1.5708,6,AVANZAR,0.05649,0.51902
21.536,0.7498,0.40501,-1.56832,6,AVANZAR,0.05501,0.5205
21.568,0.7498,0.40359,-1.56832,6,AVANZAR,0.05359,0.52191
21.6,0.7498,0.40224,-1.5708,6,AVANZAR,0.05224,0.52326
21.632,0.7498,0.40089,-1.56832,6,AVANZAR,0.05089,0.52462
21.664,0.74981,0.3996,-1.56832,6,AVANZAR,0.0496,0.5259
21.696,0.74981,0.39831,-1.56832,6,AVANZAR,0.04831,0.52719
21.728,0.74981,0.39709,-1.5708,6,AVANZAR,0.04709,0.52841
21.76,0.74981,0.39586,-1.56832,6,AVANZAR,0.04586,0.52964
21.792,0.74982,0.39471,-1.56832,6,AVANZAR,0.04471,0.5308
21.824,0.74982,0.39355,-1.56832,6,AVANZAR,0.04355,0.53195
21.856,0.74982,0.39245,-1.5708,6,AVANZAR,0.04245,0.53305
21.888,0.74982,0.39136,-1.56832,6,AVANZAR,0.04136,0.53414
21.92,0.74982,0.39026,-1.5708,6,AVANZAR,0.04026,0.53524
21.952,0.74982,0.38923,-1.5708,6,AVANZAR,0.03923,0.53627
21.984,0.74982,0.38827,-1.56832,6,AVANZAR,0.03827,0.53723
22.016,0.74982,0.3873,-1.5708,6,AVANZAR,0.0373,0.5382
22.048,0.74983,0.38634,-1.56832,6,AVANZAR,0.03634,0.53916
22.08,0.74983,0.38537,-1.5708,6,AVANZAR,0.03537,0.54013
22.112,0.74983,0.38447,-1.5708,6,AVANZAR,0.03447,0.54103
22.144,0.74983,0.38357,-1.5708,6,AVANZAR,0.03357,0.54193
22.176,0.74983,0.38273,-1.56832,6,AVANZAR,0.03273,0.54277
22.208,0.74983,0.3819,-1.5708,6,AVANZAR,0.0319,0.5436
22.24,0.74983,0.38112,-1.5708,6,AVANZAR,0.03112,0.54438
22.272,0.74983,0.38029,-1.56832,6,AVANZAR,0.03029,0.54521
22.304,0.74983,0.37951,-1.56832,6,AVANZAR,0.02951,0.54599
22.336,0.74983,0.37881,-1.5708,6,AVANZAR,0.02881,0.54669
22.368,0.74983,0.37803,-1.5708,6,AVANZAR,0.02803,0.54747
22.4,0.74983,0.37733,-1.56832,6,AVANZAR,0.02733,0.54817
22.432,0.74983,0.37662,-1.5708,6,AVANZAR,0.02662,0.54888
22.464,0.74983,0.37597,-1.5708,6,AVANZAR,0.02597,0.54953
22.496,0.74984,0.37527,-1.56832,6,AVANZAR,0.02527,0.55023
22.528,0.74984,0.37462,-1.56832,6,AVANZAR,0.02462,0.55088
22.56,0.74984,0.37398,-1.56832,6,AVANZAR,0.02398,0.55152
22.592,0.74984,0.3734,-1.5708,6,AVANZAR,0.0234,0.5521
22.624,0.74984,0.37276,-1.5708,6,AVANZAR,0.02276,0.55275
22.656,0.74984,0.37218,-1.56832,6,AVANZAR,0.02218,0.55332
22.688,0.74984,0.3716,-1.5708,6,AVANZAR,0.0216,0.5539
22.72,0.74984,0.37108,-1.5708,6,AVANZAR,0.02108,0.55442
22.752,0.74984,0.37057,-1.5708,6,AVANZAR,0.02057,0.55493
22.784,0.74984,0.36999,-1.56832,6,AVANZAR,0.01999,0.55551
22.816,0.74984,0.36954,-1.5708,6,AVANZAR,0.01954,0.55596
22.848,0.74984,0.36902,-1.5708,6,AVANZAR,0.01902,0.55648
22.88,0.74984,0.36851,-1.5708,6,AVANZAR,0.01851,0.55699
22.912,0.74984,0.36799,-1.5708,6,AVANZAR,0.01799,0.55751
22.944,0.74984,0.36761,-1.5708,6,AVANZAR,0.01761,0.55789
22.976,0.74984,0.36709,-1.5708,6,AVANZAR,0.01709,0.55841
23.008,0.74984,0.36671,-1.5708,6,AVANZAR,0.01671,0.5588
23.04,0.74984,0.36625,-1.56832,6,AVANZAR,0.01625,0.55925
23.072,0.74984,0.3658,-1.5708,6,AVANZAR,0.0158,0.5597
23.104,0.74984,0.36542,-1.5708,6,AVANZAR,0.01542,0.56008
23.136,0.74984,0.36503,-1.5708,6,AVANZAR,0.01503,0.56047
23.168,0.74984,0.36465,-1.5708,6,AVANZAR,0.01465,0.56086
23.2,0.74984,0.36426,-1.5708,6,AVANZAR,0.01426,0.56124
23.232,0.74984,0.36387,-1.5708,6,AVANZAR,0.01387,0.56163
23.264,0.74984,0.36355,-1.56832,6,AVANZAR,0.01355,0.56195
23.296,0.74984,0.36323,-1.5708,6,AVANZAR,0.01323,0.56227
23.328,0.74984,0.36284,-1.5708,6,AVANZAR,0.01284,0.56266
23.36,0.74984,0.36259,-1.5708,6,AVANZAR,0.01259,0.56292
23.392,0.74984,0.3622,-1.5708,6,AVANZAR,0.0122,0.5633
23.424,0.74984,0.36194,-1.5708,6,AVANZAR,0.01194,0.56356
23.456,0.74984,0.36162,-1.56832,6,AVANZAR,0.01162,0.56388
23.488,0.74984,0.3613,-1.5708,6,AVANZAR,0.0113,0.5642
23.52,0.74984,0.36104,-1.5708,6,AVANZAR,0.01104,0.56446
23.552,0.74985,0.36072,-1.56832,6,AVANZAR,0.01072,0.56478
23.584,0.74985,0.36046,-1.56832,6,AVANZAR,0.01046,0.56504
23.616,0.74985,0.3602,-1.56832,6,AVANZAR,0.0102,0.5653
23.648,0.74985,0.35995,-1.56832,6,AVANZAR,0.00995,0.56555
23.68,0.74985,0.35969,-1.56832,6,AVANZAR,0.00969,0.56581
23.712,0.74985,0.35943,-1.56832,6,AVANZAR,0.00943,0.56607
23.744,0.74985,0.35917,-1.56832,6,AVANZAR,0.00917,0.56633
23.776,0.74985,0.35898,-1.5708,6,AVANZAR,0.00898,0.56652
23.808,0.74985,0.35872,-1.5708,6,AVANZAR,0.00872,0.56678
23.84,0.74985,0.35847,-1.5708,6,AVANZAR,0.00847,0.56704
23.872,0.74985,0.35827,-1.56832,6,AVANZAR,0.00827,0.56723
23.904,0.74985,0.35808,-1.5708,6,AVANZAR,0.00808,0.56742
23.936,0.74985,0.35789,-1.56832,6,AVANZAR,0.00789,0.56761
23.968,0.74985,0.35769,-1.5708,6,AVANZAR,0.00769,0.56781
24.0,0.74985,0.35744,-1.5708,6,AVANZAR,0.00744,0.56807
24.032,0.74985,0.35731,-1.5708,6,AVANZAR,0.00731,0.56819
24.064,0.74985,0.35705,-1.5708,6,AVANZAR,0.00705,0.56845
24.096,0.74985,0.35692,-1.5708,6,AVANZAR,0.00692,0.56858
24.128,0.74985,0.35673,-1.56832,6,AVANZAR,0.00673,0.56877
24.16,0.74985,0.35653,-1.5708,6,AVANZAR,0.00653,0.56897
24.192,0.74985,0.35641,-1.5708,6,AVANZAR,0.00641,0.5691
24.224,0.74985,0.35621,-1.56832,6,AVANZAR,0.00621,0.56929
24.256,0.74985,0.35608,-1.56832,6,AVANZAR,0.00608,0.56942
24.288,0.74985,0.35589,-1.5708,6,AVANZAR,0.00589,0.56961
24.32,0.74985,0.35576,-1.5708,6,AVANZAR,0.00576,0.56974
24.352,0.74985,0.35563,-1.5708,6,AVANZAR,0.00563,0.56987
24.384,0.74985,0.3555,-1.5708,6,AVANZAR,0.0055,0.57
24.416,0.74985,0.35531,-1.56832,6,AVANZAR,0.00531,0.57019
24.448,0.74985,0.35518,-1.56832,6,AVANZAR,0.00518,0.57032
24.48,0.74985,0.35505,-1.56832,6,AVANZAR,0.00505,0.57045
24.512,0.74985,0.35,-1.56832,7,GIRAR,0.00493,0.57058
24.544,0.74985,0.35,-1.56832,7,GIRAR,1.57327,0.57058
24.576,0.74985,0.35,-1.60793,7,GIRAR,1.53366,0.57058
24.608,0.74985,0.35,-1.64755,7,GIRAR,1.49405,0.57058
24.64,0.74985,0.35,-1.68716,7,GIRAR,1.45444,0.57058
24.672,0.74985,0.35,-1.72182,7,GIRAR,1.41977,0.57058
24.704,0.74985,0.35,-1.76143,7,GIRAR,1.38016,0.57058
24.736,0.74985,0.35,-1.80104,7,GIRAR,1.34055,0.57058
24.768,0.74985,0.35,-1.84066,7,GIRAR,1.30094,0.57058
24.8,0.74985,0.35,-1.87532,7,GIRAR,1.26628,0.57058
24.832,0.74985,0.35,-1.91493,7,GIRAR,1.22666,0.57058
24.864,0.74985,0.35,-1.95454,7,GIRAR,1.18705,0.57058
24.896,0.74985,0.35,-1.99415,7,GIRAR,1.14744,0.57058
24.928,0.74985,0.35,-2.02881,7,GIRAR,1.11278,0.57058
24.96,0.74985,0.35,-2.06843,7,GIRAR,1.07317,0.57058
24.992,0.74985,0.35,-2.10804,7,GIRAR,1.03355,0.57058
25.024,0.74985,0.35,-2.14765,7,GIRAR,0.99394,0.57058
25.056,0.74985,0.35,-2.18231,7,GIRAR,0.95928,0.57058
25.088,0.74985,0.35,-2.22192,7,GIRAR,0.91967,0.57058
25.12,0.74985,0.35,-2.26154,7,GIRAR,0.88006,0.57058
25.152,0.74985,0.35,-2.30115,7,GIRAR,0.84044,0.57058
25.184,0.74985,0.35,-2.33581,7,GIRAR,0.80578,0.57058
25.216,0.74985,0.35,-2.37542,7,GIRAR,0.76617,0.57058
25.248,0.74985,0.35,-2.41503,7,GIRAR,0.72656,0.57058
25.28,0.74985,0.35,-2.45465,7,GIRAR,0.68695,0.57058
25.312,0.74985,0.35,-2.48931,7,GIRAR,0.65229,0.57058
25.344,0.74985,0.35,-2.52892,7,GIRAR,0.61267,0.57058
25.376,0.74985,0.35,-2.56853,7,GIRAR,0.57306,0.57058
25.408,0.74985,0.35,-2.60814,7,GIRAR,0.53345,0.57058
25.44,0.74985,0.35,-2.6428,7,GIRAR,0.49879,0.57058
25.472,0.74985,0.35,-2.68242,7,GIRAR,0.45918,0.57058
25.504,0.74985,0.35,-2.72203,7,GIRAR,0.41956,0.57058
25.536,0.74985,0.35,-2.76164,7,GIRAR,0.37995,0.57058
25.568,0.74991,0.35002,-2.79878,7,GIRAR,0.34281,0.57064
25.6,0.74985,0.35,-2.83591,7,GIRAR,0.30568,0.5707
25.632,0.74985,0.35,-2.87553,7,GIRAR,0.26607,0.5707
25.664,0.74985,0.35,-2.91514,7,GIRAR,0.22645,0.5707
25.696,0.74991,0.35002,-2.95228,7,GIRAR,0.18932,0.57077
25.728,0.74985,0.35,-2.98941,7,GIRAR,0.15218,0.57083
25.76,0.74985,0.35,-3.02902,7,GIRAR,0.11257,0.57083
25.792,0.74985,0.35,-3.06864,7,GIRAR,0.07296,0.57083
25.824,0.74992,0.35001,-3.10577,7,GIRAR,0.03582,0.5709
25.856,0.74985,0.35001,3.14028,7,GIRAR,0.0,0.57096
25.888,0.74985,0.35001,3.10066,7,GIRAR,0.0,0.57096
25.92,0.74985,0.35001,3.06105,7,GIRAR,0.0,0.57096
25.952,0.74992,0.35,3.02391,7,GIRAR,0.0,0.57103
25.984,0.74985,0.35001,2.98678,7,GIRAR,0.0,0.57109
26.016,0.74985,0.35001,3.14159,7,AVANZAR,0.0,0.57109
26.048,0.74985,0.35001,-3.14159,7,AVANZAR,0.09985,0.57109
26.08,0.74792,0.35001,-3.14159,7,AVANZAR,0.09792,0.57302
26.112,0.74599,0.35001,-3.14159,7,AVANZAR,0.09599,0.57495
26.144,0.74406,0.35001,-3.14159,7,AVANZAR,0.09406,0.57688
26.176,0.74213,0.35001,-3.14159,7,AVANZAR,0.09213,0.57882
26.208,0.74032,0.35001,-3.14159,7,AVANZAR,0.09032,0.58062
26.24,0.73839,0.35001,-3.14159,7,AVANZAR,0.08839,0.58255
26.272,0.73646,0.35001,-3.14159,7,AVANZAR,0.08646,0.58448
26.304,0.73453,0.35001,-3.14159,7,AVANZAR,0.08453,0.58641
26.336,0.7326,0.35001,-3.14159,7,AVANZAR,0.0826,0.58834
26.368,0.73067,0.35001,-3.14159,7,AVANZAR,0.08067,0.59027
26.4,0.72874,0.35001,-3.14159,7,AVANZAR,0.07874,0.5922
26.432,0.72681,0.35001,-3.14159,7,AVANZAR,0.07681,0.59414
26.464,0.72488,0.35001,-3.14159,7,AVANZAR,0.07488,0.59607
26.496,0.72295,0.35001,-3.14159,7,AVANZAR,0.07295,0.598
26.528,0.72114,0.35001,-3.14159,7,AVANZAR,0.07114,0.5998
26.56,0.71934,0.35001,-3.14159,7,AVANZAR,0.06934,0.6016
26.592,0.71754,0.35001,-3.14159,7,AVANZAR,0.06754,0.6034
26.624,0.71586,0.35001,-3.14159,7,AVANZAR,0.06586,0.60508
26.656,0.71419,0.35001,-3.14159,7,AVANZAR,0.06419,0.60675
26.688,0.71252,0.35001,-3.14159,7,AVANZAR,0.06252,0.60843
26.72,0.71084,0.35001,-3.14159,7,AVANZAR,0.06084,0.6101
26.752,0.7093,0.35001,-3.14159,7,AVANZAR,0.0593,0.61164
26.784,0.70775,0.35001,-3.14159,7,AVANZAR,0.05775,0.61319
26.816,0.70634,0.35001,-3.14159,7,AVANZAR,0.05634,0.6146
26.848,0.70492,0.35001,-3.14159,7,AVANZAR,0.05492,0.61602
26.88,0.70351,0.35001,-3.14159,7,AVANZAR,0.05351,0.61744
26.912,0.70209,0.35001,-3.14159,7,AVANZAR,0.05209,0.61885
26.944,0.7008,0.35001,-3.14159,7,AVANZAR,0.0508,0.62014
26.976,0.69951,0.35001,-3.14159,7,AVANZAR,0.04951,0.62143
27.008,0.69823,0.35001,-3.14159,7,AVANZAR,0.04823,0.62272
27.04,0.69694,0.35001,-3.14159,7,AVANZAR,0.04694,0.624
27.072,0.69578,0.35001,-3.14159,7,AVANZAR,0.04578,0.62516
27.104,0.69462,0.35001,-3.14159,7,AVANZAR,0.04462,0.62632
27.136,0.69346,0.35001,-3.14159,7,AVANZAR,0.04346,0.62748
27.168,0.6923,0.35001,-3.14159,7,AVANZAR,0.0423,0.62864
27.2,0.69127,0.35001,-3.14159,7,AVANZAR,0.04127,0.62967
27.232,0.69025,0.35001,-3.14159,7,AVANZAR,0.04025,0.6307
27.264,0.68922,0.35001,-3.14159,7,AVANZAR,0.03922,0.63173
27.296,0.68819,0.35001,-3.14159,7,AVANZAR,0.03819,0.63276
27.328,0.68716,0.35001,-3.14159,7,AVANZAR,0.03716,0.63379
27.36,0.68625,0.35001,-3.14159,7,AVANZAR,0.03625,0.63469
27.392,0.68535,0.35001,-3.14159,7,AVANZAR,0.03535,0.63559
27.424,0.68445,0.35001,-3.14159,7,AVANZAR,0.03445,0.63649
27.456,0.68355,0.35001,-3.14159,7,AVANZAR,0.03355,0.63739
27.488,0.68265,0.35001,-3.14159,7,AVANZAR,0.03265,0.63829
27.52,0.68188,0.35001,-3.14159,7,AVANZAR,0.03188,0.63907
27.552,0.68098,0.35001,-3.14159,7,AVANZAR,0.03098,0.63997
27.584,0.6802,0.35001,-3.14159,7,AVANZAR,0.0302,0.64074
27.616,0.67943,0.35001,-3.14159,7,AVANZAR,0.02943,0.64151
27.648,0.67866,0.35001,-3.14159,7,AVANZAR,0.02866,0.64228
27.68,0.67801,0.35001,-3.14159,7,AVANZAR,0.02801,0.64293
27.712,0.67724,0.35001,-3.14159,7,AVANZAR,0.02724,0.6437
27.744,0.6766,0.35001,-3.14159,7,AVANZAR,0.0266,0.64434
27.776,0.67583,0.35001,-3.14159,7,AVANZAR,0.02583,0.64512
27.808,0.67518,0.35001,-3.14159,7,AVANZAR,0.02518,0.64576
27.84,0.67454,0.35001,-3.14159,7,AVANZAR,0.02454,0.6464
27.872,0.6739,0.35001,-3.14159,7,AVANZAR,0.0239,0.64705
27.904,0.67338,0.35001,-3.14159,7,AVANZAR,0.02338,0.64756
27.936,0.67274,0.35001,-3.14159,7,AVANZAR,0.02274,0.64821
27.968,0.67209,0.35001,-3.14159,7,AVANZAR,0.02209,0.64885
28.0,0.67158,0.35001,-3.14159,7,AVANZAR,0.02158,0.64936
28.032,0.67106,0.35001,-3.14159,7,AVANZAR,0.02106,0.64988
28.064,0.67055,0.35001,-3.14159,7,AVANZAR,0.02055,0.65039
28.096,0.67003,0.35001,-3.14159,7,AVANZAR,0.02003,0.65091
28.128,0.66952,0.35001,-3.14159,7,AVANZAR,0.01952,0.65142
28.16,0.669,0.35001,-3.14159,7,AVANZAR,0.019,0.65194
28.192,0.66849,0.35001,-3.14159,7,AVANZAR,0.01849,0.65245
28.224,0.66797,0.35001,-3.14159,7,AVANZAR,0.01797,0.65297
28.256,0.66759,0.35001,-3.14159,7,AVANZAR,0.01759,0.65336
28.288,0.66707,0.35001,-3.14159,7,AVANZAR,0.01707,0.65387
28.32,0.66669,0.35001,-3.14159,7,AVANZAR,0.01669,0.65426
28.352,0.66617,0.35001,-3.14159,7,AVANZAR,0.01617,0.65477
28.384,0.66578,0.35001,-3.14159,7,AVANZAR,0.01578,0.65516
28.416,0.6654,0.35001,-3.14159,7,AVANZAR,0.0154,0.65554
28.448,0.66501,0.35001,-3.14159,7,AVANZAR,0.01501,0.65593
28.48,0.66463,0.35001,-3.14159,7,AVANZAR,0.01463,0.65632
28.512,0.66424,0.35001,-3.14159,7,AVANZAR,0.01424,0.6567
28.544,0.66385,0.35001,-3.14159,7,AVANZAR,0.01385,0.65709
28.576,0.6636,0.35001,-3.14159,7,AVANZAR,0.0136,0.65735
28.608,0.66321,0.35001,-3.14159,7,AVANZAR,0.01321,0.65773
28.64,0.66282,0.35001,-3.14159,7,AVANZAR,0.01282,0.65812
28.672,0.66257,0.35001,-3.14159,7,AVANZAR,0.01257,0.65838
28.704,0.66218,0.35001,-3.14159,7,AVANZAR,0.01218,0.65876
28.736,0.66192,0.35001,-3.14159,7,AVANZAR,0.01192,0.65902
28.768,0.66154,0.35001,-3.14159,7,AVANZAR,0.01154,0.65941
28.8,0.66128,0.35001,-3.14159,7,AVANZAR,0.01128,0.65966
28.832,0.66102,0.35001,-3.14159,7,AVANZAR,0.01102,0.65992
28.864,0.66076,0.35001,-3.14159,7,AVANZAR,0.01076,0.66018
28.896,0.66051,0.35001,-3.14159,7,AVANZAR,0.01051,0.66044
28.928,0.66012,0.35001,-3.14159,7,AVANZAR,0.01012,0.66082
28.96,0.65986,0.35001,-3.14159,7,AVANZAR,0.00986,0.66108
28.992,0.6596,0.35001,-3.14159,7,AVANZAR,0.0096,0.66134
29.024,0.65948,0.35001,-3.14159,7,AVANZAR,0.00948,0.66147
29.056,0.65922,0.35001,-3.14159,7,AVANZAR,0.00922,0.66172
29.088,0.65896,0.35001,-3.14159,7,AVANZAR,0.00896,0.66198
29.12,0.6587,0.35001,-3.14159,7,AVANZAR,0.0087,0.66224
29.152,0.65845,0.35001,-3.14159,7,AVANZAR,0.00845,0.6625
29.184,0.65832,0.35001,-3.14159,7,AVANZAR,0.00832,0.66262
29.216,0.65806,0.35001,-3.14159,7,AVANZAR,0.00806,0.66288
29.248,0.6578,0.35001,-3.14159,7,AVANZAR,0.0078,0.66314
29.28,0.65767,0.35001,-3.14159,7,AVANZAR,0.00767,0.66327
29.312,0.65742,0.35001,-3.14159,7,AVANZAR,0.00742,0.66353
29.344,0.65729,0.35001,-3.14159,7,AVANZAR,0.00729,0.66365
29.376,0.65703,0.35001,-3.14159,7,AVANZAR,0.00703,0.66391
29.408,0.6569,0.35001,-3.14159,7,AVANZAR,0.0069,0.66404
29.44,0.65677,0.35001,-3.14159,7,AVANZAR,0.00677,0.66417
29.472,0.65652,0.35001,-3.14159,7,AVANZAR,0.00652,0.66443
29.504,0.65639,0.35001,-3.14159,7,AVANZAR,0.00639,0.66456
29.536,0.65626,0.35001,-3.14159,7,AVANZAR,0.00626,0.66468
29.568,0.656,0.35001,-3.14159,7,AVANZAR,0.006,0.66494
29.6,0.65587,0.35001,-3.14159,7,AVANZAR,0.00587,0.66507
29.632,0.65574,0.35001,-3.14159,7,AVANZAR,0.00574,0.6652
29.664,0.65561,0.35001,-3.14159,7,AVANZAR,0.00561,0.66533
29.696,0.65549,0.35001,-3.14159,7,AVANZAR,0.00549,0.66546
29.728,0.65536,0.35001,-3.14159,7,AVANZAR,0.00536,0.66559
29.76,0.65523,0.35001,-3.14159,7,AVANZAR,0.00523,0.66571
29.792,0.6551,0.35001,-3.14159,7,AVANZAR,0.0051,0.66584
29.824,0.65,0.35001,-3.14159,8,GIRAR,0.00497,0.66597
29.856,0.65,0.35001,-3.14159,8,GIRAR,1.5708,0.66597
29.888,0.64994,0.35001,-3.10446,8,GIRAR,1.53366,0.66604
29.92,0.64994,0.35001,-3.06484,8,GIRAR,1.49405,0.66604
29.952,0.64994,0.35001,-3.02523,8,GIRAR,1.45444,0.66604
29.984,0.65,0.35002,-2.98809,8,GIRAR,1.4173,0.6661
30.016,0.64994,0.35001,-2.95096,8,GIRAR,1.38016,0.66617
30.048,0.64994,0.35001,-2.91135,8,GIRAR,1.34055,0.66617
30.08,0.64994,0.35001,-2.87173,8,GIRAR,1.30094,0.66617
30.112,0.65,0.35002,-2.8346,8,GIRAR,1.2638,0.66623
30.144,0.64994,0.35,-2.79746,8,GIRAR,1.22666,0.66629
30.176,0.64994,0.35,-2.75785,8,GIRAR,1.18705,0.66629
30.208,0.64994,0.35,-2.71824,8,GIRAR,1.14744,0.66629
30.24,0.64999,0.35003,-2.6811,8,GIRAR,1.1103,0.66636
30.272,0.64994,0.35,-2.64396,8,GIRAR,1.07317,0.66642
30.304,0.64994,0.35,-2.60435,8,GIRAR,1.03355,0.66642
30.336,0.64994,0.35,-2.56474,8,GIRAR,0.99394,0.66642
30.368,0.64999,0.35004,-2.5276,8,GIRAR,0.95681,0.66649
30.4,0.64994,0.35,-2.49047,8,GIRAR,0.91967,0.66655
30.432,0.64994,0.35,-2.45085,8,GIRAR,0.88006,0.66655
30.464,0.64994,0.35,-2.41124,8,GIRAR,0.84044,0.66655
30.496,0.64999,0.35004,-2.3741,8,GIRAR,0.80331,0.66662
30.528,0.64994,0.35,-2.33697,8,GIRAR,0.76617,0.66668
30.56,0.64994,0.35,-2.29736,8,GIRAR,0.72656,0.66668
30.592,0.64994,0.35,-2.25774,8,GIRAR,0.68695,0.66668
30.624,0.64998,0.35005,-2.22061,8,GIRAR,0.64981,0.66674
30.656,0.64994,0.35,-2.18347,8,GIRAR,0.61267,0.66681
30.688,0.64994,0.35,-2.14386,8,GIRAR,0.57306,0.66681
30.72,0.64994,0.35,-2.10425,8,GIRAR,0.53345,0.66681
30.752,0.64997,0.35005,-2.06711,8,GIRAR,0.49631,0.66687
30.784,0.64994,0.35,-2.02997,8,GIRAR,0.45918,0.66694
30.816,0.64994,0.35,-1.99036,8,GIRAR,0.41956,0.66694
30.848,0.64994,0.35,-1.95075,8,GIRAR,0.37995,0.66694
30.88,0.64997,0.35006,-1.91361,8,GIRAR,0.34281,0.667
30.912,0.64995,0.34999,-1.87647,8,GIRAR,0.30568,0.66707
30.944,0.64995,0.34999,-1.83686,8,GIRAR,0.26607,0.66707
30.976,0.64995,0.34999,-1.79725,8,GIRAR,0.22645,0.66707
31.008,0.64995,0.34999,-1.75764,8,GIRAR,0.18684,0.66707
31.04,0.64995,0.34999,-1.72298,8,GIRAR,0.15218,0.66707
31.072,0.64995,0.34999,-1.68336,8,GIRAR,0.11257,0.66707
31.104,0.64995,0.34999,-1.64375,8,GIRAR,0.07296,0.66707
31.136,0.64995,0.34999,-1.60414,8,GIRAR,0.03334,0.66707
31.168,0.64995,0.34999,-1.56948,8,GIRAR,0.0,0.66707
31.2,0.64995,0.34999,-1.52987,8,GIRAR,0.0,0.66707
31.232,0.64995,0.34999,-1.49025,8,GIRAR,0.0,0.66707
31.264,0.64995,0.34999,-1.45064,8,GIRAR,0.0,0.66707
31.296,0.64994,0.35006,-1.5708,8,AVANZAR,0.0,0.66713
31.328,0.64994,0.35006,-1.5708,8,AVANZAR,0.10006,0.66713
31.36,0.64994,0.34813,-1.5708,8,AVANZAR,0.09813,0.66906
31.392,0.64994,0.3462,-1.5708,8,AVANZAR,0.0962,0.67099
31.424,0.64994,0.34426,-1.5708,8,AVANZAR,0.09426,0.67292
31.456,0.64994,0.34233,-1.5708,8,AVANZAR,0.09233,0.67486
31.488,0.64994,0.3404,-1.5708,8,AVANZAR,0.0904,0.67679
31.52,0.64994,0.33847,-1.5708,8,AVANZAR,0.08847,0.67872
31.552,0.64994,0.33654,-1.5708,8,AVANZAR,0.08654,0.68065
31.584,0.64994,0.33461,-1.5708,8,AVANZAR,0.08461,0.68258
31.616,0.64994,0.33274,-1.57327,8,AVANZAR,0.08274,0.68445
31.648,0.64993,0.33081,-1.57327,8,AVANZAR,0.08081,0.68638
31.68,0.64993,0.32894,-1.5708,8,AVANZAR,0.07894,0.68824
31.712,0.64993,0.32701,-1.5708,8,AVANZAR,0.07701,0.69018
31.744,0.64993,0.32508,-1.5708,8,AVANZAR,0.07508,0.69211
31.776,0.64993,0.32315,-1.5708,8,AVANZAR,0.07315,0.69404
31.808,0.64993,0.32128,-1.57327,8,AVANZAR,0.07128,0.6959
31.84,0.64992,0.31942,-1.5708,8,AVANZAR,0.06942,0.69777
31.872,0.64992,0.31768,-1.57327,8,AVANZAR,0.06768,0.69951
31.904,0.64992,0.31594,-1.5708,8,AVANZAR,0.06594,0.70125
31.936,0.64992,0.31427,-1.5708,8,AVANZAR,0.06427,0.70292
31.968,0.64992,0.31259,-1.5708,8,AVANZAR,0.06259,0.70459
32.0,0.64992,0.31105,-1.5708,8,AVANZAR,0.06105,0.70614
32.032,0.64992,0.30944,-1.57327,8,AVANZAR,0.05944,0.70775
32.064,0.64992,0.30796,-1.5708,8,AVANZAR,0.05796,0.70923
32.096,0.64992,0.30642,-1.5708,8,AVANZAR,0.05642,0.71077
32.128,0.64992,0.305,-1.5708,8,AVANZAR,0.055,0.71219
32.16,0.64992,0.30358,-1.5708,8,AVANZAR,0.05358,0.71361
32.192,0.64991,0.30223,-1.57327,8,AVANZAR,0.05223,0.71496
32.224,0.64991,0.30088,-1.5708,8,AVANZAR,0.05088,0.71631
32.256,0.64991,0.29959,-1.5708,8,AVANZAR,0.04959,0.7176
32.288,0.64991,0.2983,-1.5708,8,AVANZAR,0.0483,0.71888
32.32,0.64991,0.29708,-1.57327,8,AVANZAR,0.04708,0.72011
32.352,0.64991,0.29586,-1.5708,8,AVANZAR,0.04586,0.72133
32.384,0.64991,0.2947,-1.5708,8,AVANZAR,0.0447,0.72249
32.416,0.64991,0.29354,-1.5708,8,AVANZAR,0.04354,0.72365
32.448,0.64991,0.29245,-1.57327,8,AVANZAR,0.04245,0.72474
32.48,0.64991,0.29135,-1.5708,8,AVANZAR,0.04135,0.72584
32.512,0.64991,0.29032,-1.5708,8,AVANZAR,0.04032,0.72687
32.544,0.64991,0.28929,-1.5708,8,AVANZAR,0.03929,0.7279
32.576,0.64991,0.28826,-1.5708,8,AVANZAR,0.03826,0.72893
32.608,0.64991,0.28723,-1.5708,8,AVANZAR,0.03723,0.72996
32.64,0.64991,0.28633,-1.5708,8,AVANZAR,0.03633,0.73086
32.672,0.64991,0.28543,-1.5708,8,AVANZAR,0.03543,0.73176
32.704,0.64991,0.28453,-1.5708,8,AVANZAR,0.03453,0.73266
32.736,0.64991,0.28363,-1.5708,8,AVANZAR,0.03363,0.73356
32.768,0.64991,0.28273,-1.5708,8,AVANZAR,0.03273,0.73446
32.8,0.64991,0.28195,-1.5708,8,AVANZAR,0.03195,0.73523
32.832,0.64991,0.28105,-1.5708,8,AVANZAR,0.03105,0.73614
32.864,0.64991,0.28028,-1.5708,8,AVANZAR,0.03028,0.73691
32.896,0.64991,0.27951,-1.5708,8,AVANZAR,0.02951,0.73768
32.928,0.64991,0.27874,-1.5708,8,AVANZAR,0.02874,0.73845
32.96,0.64991,0.27803,-1.57327,8,AVANZAR,0.02803,0.73916
32.992,0.64991,0.27732,-1.5708,8,AVANZAR,0.02732,0.73987
33.024,0.6499,0.27661,-1.57327,8,AVANZAR,0.02661,0.74058
33.056,0.6499,0.2759,-1.5708,8,AVANZAR,0.0259,0.74128
33.088,0.6499,0.27526,-1.5708,8,AVANZAR,0.02526,0.74193
33.12,0.6499,0.27462,-1.5708,8,AVANZAR,0.02462,0.74257
33.152,0.6499,0.27397,-1.5708,8,AVANZAR,0.02397,0.74322
33.184,0.6499,0.27333,-1.5708,8,AVANZAR,0.02333,0.74386
33.216,0.6499,0.27281,-1.5708,8,AVANZAR,0.02281,0.74437
33.248,0.6499,0.27217,-1.5708,8,AVANZAR,0.02217,0.74502
33.28,0.6499,0.27166,-1.5708,8,AVANZAR,0.02166,0.74553
33.312,0.6499,0.27108,-1.57327,8,AVANZAR,0.02108,0.74611
33.344,0.6499,0.2705,-1.5708,8,AVANZAR,0.0205,0.74669
33.376,0.6499,0.26998,-1.5708,8,AVANZAR,0.01998,0.74721
33.408,0.6499,0.26947,-1.5708,8,AVANZAR,0.01947,0.74772
33.44,0.6499,0.26895,-1.5708,8,AVANZAR,0.01895,0.74824
33.472,0.6499,0.26857,-1.5708,8,AVANZAR,0.01857,0.74862
33.504,0.6499,0.26805,-1.5708,8,AVANZAR,0.01805,0.74914
33.536,0.6499,0.26754,-1.5708,8,AVANZAR,0.01754,0.74965
33.568,0.6499,0.26715,-1.5708,8,AVANZAR,0.01715,0.75004
33.6,0.6499,0.2667,-1.57327,8,AVANZAR,0.0167,0.75049
33.632,0.6499,0.26625,-1.5708,8,AVANZAR,0.01625,0.75094
33.664,0.6499,0.26586,-1.5708,8,AVANZAR,0.01586,0.75133
33.696,0.6499,0.26548,-1.5708,8,AVANZAR,0.01548,0.75171
33.728,0.6499,0.26509,-1.5708,8,AVANZAR,0.01509,0.7521
33.76,0.6499,0.2647,-1.5708,8,AVANZAR,0.0147,0.75249
33.792,0.6499,0.26432,-1.5708,8,AVANZAR,0.01432,0.75287
33.824,0.6499,0.26393,-1.5708,8,AVANZAR,0.01393,0.75326
33.856,0.6499,0.26354,-1.5708,8,AVANZAR,0.01354,0.75364
33.888,0.6499,0.26322,-1.57327,8,AVANZAR,0.01322,0.75397
33.92,0.6499,0.2629,-1.5708,8,AVANZAR,0.0129,0.75429
33.952,0.6499,0.26251,-1.5708,8,AVANZAR,0.01251,0.75467
33.984,0.6499,0.26226,-1.5708,8,AVANZAR,0.01226,0.75493
34.016,0.6499,0.26187,-1.5708,8,AVANZAR,0.01187,0.75532
34.048,0.6499,0.26161,-1.5708,8,AVANZAR,0.01161,0.75558
34.08,0.6499,0.26136,-1.5708,8,AVANZAR,0.01136,0.75583
34.112,0.6499,0.26097,-1.5708,8,AVANZAR,0.01097,0.75622
34.144,0.6499,0.26071,-1.5708,8,AVANZAR,0.01071,0.75648
34.176,0.6499,0.26046,-1.5708,8,AVANZAR,0.01046,0.75673
34.208,0.6499,0.2602,-1.5708,8,AVANZAR,0.0102,0.75699
34.24,0.6499,0.25994,-1.5708,8,AVANZAR,0.00994,0.75725
34.272,0.6499,0.25968,-1.5708,8,AVANZAR,0.00968,0.75751
34.304,0.6499,0.25943,-1.5708,8,AVANZAR,0.00943,0.75776
34.336,0.6499,0.25917,-1.5708,8,AVANZAR,0.00917,0.75802
34.368,0.6499,0.25891,-1.5708,8,AVANZAR,0.00891,0.75828
34.4,0.6499,0.25872,-1.57327,8,AVANZAR,0.00872,0.75847
34.432,0.6499,0.25852,-1.5708,8,AVANZAR,0.00852,0.75866
34.464,0.6499,0.25827,-1.5708,8,AVANZAR,0.00827,0.75892
34.496,0.6499,0.25807,-1.57327,8,AVANZAR,0.00807,0.75912
34.528,0.6499,0.25788,-1.5708,8,AVANZAR,0.00788,0.75931
34.56,0.6499,0.25762,-1.5708,8,AVANZAR,0.00762,0.75957
34.592,0.6499,0.25749,-1.5708,8,AVANZAR,0.00749,0.75969
34.624,0.6499,0.25724,-1.5708,8,AVANZAR,0.00724,0.75995
34.656,0.6499,0.25711,-1.5708,8,AVANZAR,0.00711,0.76008
34.688,0.6499,0.25691,-1.57327,8,AVANZAR,0.00691,0.76027
34.72,0.6499,0.25672,-1.5708,8,AVANZAR,0.00672,0.76047
34.752,0.6499,0.25659,-1.5708,8,AVANZAR,0.00659,0.7606
34.784,0.6499,0.2564,-1.57327,8,AVANZAR,0.0064,0.76079
34.816,0.6499,0.25621,-1.5708,8,AVANZAR,0.00621,0.76098
34.848,0.6499,0.25608,-1.5708,8,AVANZAR,0.00608,0.76111
34.88,0.6499,0.25595,-1.5708,8,AVANZAR,0.00595,0.76124
34.912,0.6499,0.25576,-1.57327,8,AVANZAR,0.00576,0.76143
34.944,0.6499,0.25563,-1.57327,8,AVANZAR,0.00563,0.76156
34.976,0.6499,0.25543,-1.5708,8,AVANZAR,0.00543,0.76175
35.008,0.6499,0.25531,-1.5708,8,AVANZAR,0.00531,0.76188
35.04,0.6499,0.25518,-1.5708,8,AVANZAR,0.00518,0.76201
35.072,0.6499,0.25505,-1.5708,8,AVANZAR,0.00505,0.76214
35.104,0.6499,0.25,-1.5708,9,GIRAR,0.00492,0.76227
35.136,0.6499,0.25,-1.5708,9,AVANZAR,0.0,0.76227
35.168,0.6499,0.25,-1.5708,9,AVANZAR,0.1,0.76227
35.2,0.6499,0.24807,-1.5708,9,AVANZAR,0.09807,0.7642
35.232,0.6499,0.24614,-1.5708,9,AVANZAR,0.09614,0.76613
35.264,0.6499,0.24427,-1.57327,9,AVANZAR,0.09427,0.768
35.296,0.64989,0.24234,-1.57327,9,AVANZAR,0.09234,0.76993
35.328,0.64989,0.24047,-1.5708,9,AVANZAR,0.09047,0.7718
35.36,0.64989,0.23854,-1.5708,9,AVANZAR,0.08854,0.77373
35.392,0.64989,0.23661,-1.5708,9,AVANZAR,0.08661,0.77566
35.424,0.64989,0.23468,-1.5708,9,AVANZAR,0.08468,0.77759
35.456,0.64989,0.23275,-1.5708,9,AVANZAR,0.08275,0.77952
35.488,0.64989,0.23082,-1.5708,9,AVANZAR,0.08082,0.78145
35.52,0.64989,0.22889,-1.5708,9,AVANZAR,0.07889,0.78338
35.552,0.64989,0.22696,-1.5708,9,AVANZAR,0.07696,0.78531
35.584,0.64989,0.22509,-1.57327,9,AVANZAR,0.07509,0.78718
35.616,0.64988,0.22316,-1.57327,9,AVANZAR,0.07316,0.78911
35.648,0.64988,0.22129,-1.5708,9,AVANZAR,0.07129,0.79098
35.68,0.64988,0.21949,-1.5708,9,AVANZAR,0.06949,0.79278
35.712,0.64988,0.21769,-1.5708,9,AVANZAR,0.06769,0.79458
35.744,0.64988,0.21595,-1.57327,9,AVANZAR,0.06595,0.79632
35.776,0.64987,0.21427,-1.57327,9,AVANZAR,0.06427,0.79799
35.808,0.64987,0.21267,-1.5708,9,AVANZAR,0.06267,0.7996
35.84,0.64987,0.21099,-1.5708,9,AVANZAR,0.06099,0.80128
35.872,0.64987,0.20945,-1.5708,9,AVANZAR,0.05945,0.80282
35.904,0.64987,0.2079,-1.5708,9,AVANZAR,0.0579,0.80437
35.936,0.64987,0.20649,-1.5708,9,AVANZAR,0.05649,0.80578
35.968,0.64987,0.20501,-1.57327,9,AVANZAR,0.05501,0.80726
36.0,0.64986,0.20359,-1.57327,9,AVANZAR,0.05359,0.80868
36.032,0.64986,0.20224,-1.5708,9,AVANZAR,0.05224,0.81003
36.064,0.64986,0.20089,-1.57327,9,AVANZAR,0.05089,0.81138
36.096,0.64986,0.1996,-1.57327,9,AVANZAR,0.0496,0.81267
36.128,0.64986,0.19831,-1.57327,9,AVANZAR,0.04831,0.81396
36.16,0.64985,0.19709,-1.5708,9,AVANZAR,0.04709,0.81518
36.192,0.64985,0.19593,-1.5708,9,AVANZAR,0.04593,0.81634
36.224,0.64985,0.19471,-1.57327,9,AVANZAR,0.04471,0.81756
36.256,0.64985,0.19355,-1.57327,9,AVANZAR,0.04355,0.81872
36.288,0.64985,0.19245,-1.5708,9,AVANZAR,0.04245,0.81982
36.32,0.64985,0.19136,-1.57327,9,AVANZAR,0.04136,0.82091
36.352,0.64985,0.19026,-1.5708,9,AVANZAR,0.04026,0.822
36.384,0.64985,0.18923,-1.5708,9,AVANZAR,0.03923,0.82303
36.416,0.64984,0.18827,-1.57327,9,AVANZAR,0.03827,0.824
36.448,0.64984,0.1873,-1.5708,9,AVANZAR,0.0373,0.82497
36.48,0.64984,0.18634,-1.57327,9,AVANZAR,0.03634,0.82593
36.512,0.64984,0.18537,-1.5708,9,AVANZAR,0.03537,0.8269
36.544,0.64984,0.18447,-1.5708,9,AVANZAR,0.03447,0.8278
36.576,0.64984,0.18357,-1.5708,9,AVANZAR,0.03357,0.8287
36.608,0.64984,0.1828,-1.5708,9,AVANZAR,0.0328,0.82947
36.64,0.64984,0.1819,-1.5708,9,AVANZAR,0.0319,0.83037
36.672,0.64984,0.18112,-1.5708,9,AVANZAR,0.03112,0.83115
36.704,0.64984,0.18035,-1.5708,9,AVANZAR,0.03035,0.83192
36.736,0.64984,0.17951,-1.57327,9,AVANZAR,0.02951,0.83275
36.768,0.64984,0.17881,-1.5708,9,AVANZAR,0.02881,0.83346
36.8,0.64984,0.17803,-1.5708,9,AVANZAR,0.02803,0.83424
36.832,0.64984,0.17733,-1.57327,9,AVANZAR,0.02733,0.83494
36.864,0.64984,0.17662,-1.5708,9,AVANZAR,0.02662,0.83565
36.896,0.64984,0.17597,-1.5708,9,AVANZAR,0.02597,0.8363
36.928,0.64984,0.17527,-1.57327,9,AVANZAR,0.02527,0.837
36.96,0.64983,0.17462,-1.57327,9,AVANZAR,0.02462,0.83765
36.992,0.64983,0.17398,-1.57327,9,AVANZAR,0.02398,0.83829
37.024,0.64983,0.1734,-1.5708,9,AVANZAR,0.0234,0.83887
37.056,0.64983,0.17276,-1.5708,9,AVANZAR,0.02276,0.83951
37.088,0.64983,0.17224,-1.5708,9,AVANZAR,0.02224,0.84003
37.12,0.64983,0.1716,-1.5708,9,AVANZAR,0.0216,0.84067
37.152,0.64983,0.17108,-1.5708,9,AVANZAR,0.02108,0.84119
37.184,0.64983,0.17057,-1.5708,9,AVANZAR,0.02057,0.8417
37.216,0.64983,0.17005,-1.5708,9,AVANZAR,0.02005,0.84222
37.248,0.64983,0.16954,-1.5708,9,AVANZAR,0.01954,0.84273
37.28,0.64983,0.16902,-1.5708,9,AVANZAR,0.01902,0.84325
37.312,0.64983,0.16851,-1.5708,9,AVANZAR,0.01851,0.84376
37.344,0.64983,0.16799,-1.5708,9,AVANZAR,0.01799,0.84428
37.376,0.64983,0.16761,-1.5708,9,AVANZAR,0.01761,0.84466
37.408,0.64983,0.16709,-1.5708,9,AVANZAR,0.01709,0.84518
37.44,0.64983,0.16671,-1.5708,9,AVANZAR,0.01671,0.84556
37.472,0.64983,0.16625,-1.57327,9,AVANZAR,0.01625,0.84601
37.504,0.64983,0.1658,-1.5708,9,AVANZAR,0.0158,0.84647
37.536,0.64983,0.16542,-1.5708,9,AVANZAR,0.01542,0.84685
37.568,0.64983,0.16503,-1.5708,9,AVANZAR,0.01503,0.84724
37.6,0.64983,0.16465,-1.5708,9,AVANZAR,0.01465,0.84762
37.632,0.64983,0.16426,-1.5708,9,AVANZAR,0.01426,0.84801
37.664,0.64983,0.16387,-1.5708,9,AVANZAR,0.01387,0.8484
37.696,0.64983,0.16355,-1.57327,9,AVANZAR,0.01355,0.84872
37.728,0.64983,0.16323,-1.5708,9,AVANZAR,0.01323,0.84904
37.76,0.64983,0.16284,-1.5708,9,AVANZAR,0.01284,0.84943
37.792,0.64983,0.16259,-1.5708,9,AVANZAR,0.01259,0.84968
37.824,0.64983,0.1622,-1.5708,9,AVANZAR,0.0122,0.85007
37.856,0.64983,0.16194,-1.5708,9,AVANZAR,0.01194,0.85033
37.888,0.64983,0.16162,-1.57327,9,AVANZAR,0.01162,0.85065
37.92,0.64983,0.1613,-1.5708,9,AVANZAR,0.0113,0.85097
37.952,0.64983,0.16104,-1.5708,9,AVANZAR,0.01104,0.85123
37.984,0.64983,0.16078,-1.5708,9,AVANZAR,0.01078,0.85149
38.016,0.64983,0.16046,-1.57327,9,AVANZAR,0.01046,0.85181
38.048,0.64983,0.1602,-1.57327,9,AVANZAR,0.0102,0.85207
38.08,0.64983,0.15988,-1.5708,9,AVANZAR,0.00988,0.85239
38.112,0.64983,0.15969,-1.57327,9,AVANZAR,0.00969,0.85258
38.144,0.64983,0.15943,-1.57327,9,AVANZAR,0.00943,0.85284
38.176,0.64983,0.15924,-1.5708,9,AVANZAR,0.00924,0.85303
38.208,0.64983,0.15898,-1.5708,9,AVANZAR,0.00898,0.85329
38.24,0.64983,0.15872,-1.5708,9,AVANZAR,0.00872,0.85355
38.272,0.64983,0.15847,-1.5708,9,AVANZAR,0.00847,0.8538
38.304,0.64983,0.15827,-1.57327,9,AVANZAR,0.00827,0.854
38.336,0.64983,0.15808,-1.5708,9,AVANZAR,0.00808,0.85419
38.368,0.64983,0.15782,-1.5708,9,AVANZAR,0.00782,0.85445
38.4,0.64983,0.15769,-1.5708,9,AVANZAR,0.00769,0.85458
38.432,0.64983,0.15744,-1.5708,9,AVANZAR,0.00744,0.85483
38.464,0.64983,0.15731,-1.5708,9,AVANZAR,0.00731,0.85496
38.496,0.64983,0.15705,-1.5708,9,AVANZAR,0.00705,0.85522
38.528,0.64983,0.15692,-1.5708,9,AVANZAR,0.00692,0.85535
38.56,0.64983,0.15673,-1.57327,9,AVANZAR,0.00673,0.85554
38.592,0.64983,0.15653,-1.5708,9,AVANZAR,0.00653,0.85573
38.624,0.64983,0.15641,-1.5708,9,AVANZAR,0.00641,0.85586
38.656,0.64983,0.15628,-1.5708,9,AVANZAR,0.00628,0.85599
38.688,0.64983,0.15602,-1.5708,9,AVANZAR,0.00602,0.85625
38.72,0.64983,0.15589,-1.5708,9,AVANZAR,0.00589,0.85638
38.752,0.64983,0.15576,-1.5708,9,AVANZAR,0.00576,0.85651
38.784,0.64983,0.15563,-1.5708,9,AVANZAR,0.00563,0.85664
38.816,0.64983,0.1555,-1.5708,9,AVANZAR,0.0055,0.85676
38.848,0.64983,0.15538,-1.5708,9,AVANZAR,0.00538,0.85689
38.88,0.64983,0.15518,-1.57327,9,AVANZAR,0.00518,0.85709
38.912,0.64983,0.15505,-1.57327,9,AVANZAR,0.00505,0.85722
38.944,0.64982,0.15,-1.57327,10,GIRAR,0.00493,0.85734
38.976,0.64982,0.15,-1.57327,10,GIRAR,1.56832,0.85734
39.008,0.64982,0.15,-1.60793,10,GIRAR,1.53366,0.85734
39.04,0.64982,0.15,-1.64755,10,GIRAR,1.49405,0.85734
39.072,0.64982,0.15,-1.68716,10,GIRAR,1.45444,0.85734
39.104,0.64982,0.15,-1.72677,10,GIRAR,1.41482,0.85734
39.136,0.64982,0.15,-1.76143,10,GIRAR,1.38016,0.85734
39.168,0.64982,0.15,-1.80104,10,GIRAR,1.34055,0.85734
39.2,0.64982,0.15,-1.84066,10,GIRAR,1.30094,0.85734
39.232,0.64982,0.15,-1.88027,10,GIRAR,1.26133,0.85734
39.264,0.64982,0.15,-1.91493,10,GIRAR,1.22666,0.85734
39.296,0.64982,0.15,-1.95454,10,GIRAR,1.18705,0.85734
39.328,0.64982,0.15,-1.99415,10,GIRAR,1.14744,0.85734
39.36,0.64982,0.15,-2.03377,10,GIRAR,1.10783,0.85734
39.392,0.64982,0.15,-2.06843,10,GIRAR,1.07317,0.85734
39.424,0.64982,0.15,-2.10804,10,GIRAR,1.03355,0.85734
39.456,0.64982,0.15,-2.14765,10,GIRAR,0.99394,0.85734
39.488,0.64982,0.15,-2.18726,10,GIRAR,0.95433,0.85734
39.52,0.64982,0.15,-2.22192,10,GIRAR,0.91967,0.85734
39.552,0.64982,0.15,-2.26154,10,GIRAR,0.88006,0.85734
39.584,0.64982,0.15,-2.30115,10,GIRAR,0.84044,0.85734
39.616,0.64982,0.15,-2.34076,10,GIRAR,0.80083,0.85734
39.648,0.64982,0.15,-2.37542,10,GIRAR,0.76617,0.85734
39.68,0.64982,0.15,-2.41503,10,GIRAR,0.72656,0.85734
39.712,0.64982,0.15,-2.45465,10,GIRAR,0.68695,0.85734
39.744,0.64982,0.15,-2.49426,10,GIRAR,0.64733,0.85734
39.776,0.64982,0.15,-2.52892,10,GIRAR,0.61267,0.85734
39.808,0.64982,0.15,-2.56853,10,GIRAR,0.57306,0.85734
39.84,0.64982,0.15,-2.60814,10,GIRAR,0.53345,0.85734
39.872,0.64982,0.15,-2.64776,10,GIRAR,0.49384,0.85734
39.904,0.64982,0.15,-2.68242,10,GIRAR,0.45918,0.85734
39.936,0.64982,0.15,-2.72203,10,GIRAR,0.41956,0.85734
39.968,0.64982,0.15,-2.76164,10,GIRAR,0.37995,0.85734
40.0,0.64982,0.15,-2.80125,10,GIRAR,0.34034,0.85734
40.032,0.64989,0.15002,-2.83839,10,GIRAR,0.3032,0.85741
40.064,0.64982,0.15,-2.87553,10,GIRAR,0.26607,0.85747
40.096,0.64982,0.15,-2.91514,10,GIRAR,0.22645,0.85747
40.128,0.64982,0.15,-2.95475,10,GIRAR,0.18684,0.85747
40.16,0.64989,0.15001,-2.99189,10,GIRAR,0.1497,0.85754
40.192,0.64982,0.15,-3.02902,10,GIRAR,0.11257,0.8576
40.224,0.64982,0.15,-3.06864,10,GIRAR,0.07296,0.8576
40.256,0.64982,0.15,-3.10825,10,GIRAR,0.03334,0.8576
40.288,0.64989,0.15001,3.1378,10,GIRAR,0.0,0.85767
40.32,0.64982,0.15001,3.10066,10,GIRAR,0.0,0.85773
40.352,0.64982,0.15001,3.06105,10,GIRAR,0.0,0.85773
40.384,0.64982,0.15001,3.02144,10,GIRAR,0.0,0.85773
40.416,0.64989,0.15,3.14159,10,AVANZAR,0.0,0.85779
40.448,0.64989,0.15,-3.14159,10,AVANZAR,0.09989,0.85779
40.48,0.64796,0.15,-3.14159,10,AVANZAR,0.09796,0.85973
40.512,0.64603,0.15,-3.14159,10,AVANZAR,0.09603,0.86166
40.544,0.64409,0.15,-3.14159,10,AVANZAR,0.09409,0.86359
40.576,0.64216,0.15,-3.14159,10,AVANZAR,0.09216,0.86552
40.608,0.64023,0.15,-3.14159,10,AVANZAR,0.09023,0.86745
40.64,0.6383,0.15,-3.14159,10,AVANZAR,0.0883,0.86938
40.672,0.63637,0.15,-3.14159,10,AVANZAR,0.08637,0.87131
40.704,0.63444,0.15,-3.14159,10,AVANZAR,0.08444,0.87324
40.736,0.63251,0.15,-3.14159,10,AVANZAR,0.08251,0.87517
40.768,0.63071,0.15,-3.14159,10,AVANZAR,0.08071,0.87698
40.8,0.62877,0.15,-3.14159,10,AVANZAR,0.07877,0.87891
40.832,0.62684,0.15,-3.14159,10,AVANZAR,0.07684,0.88084
40.864,0.62491,0.15,-3.14159,10,AVANZAR,0.07491,0.88277
40.896,0.62298,0.15,-3.14159,10,AVANZAR,0.07298,0.8847
40.928,0.62105,0.15,-3.14159,10,AVANZAR,0.07105,0.88663
40.96,0.61925,0.15,-3.14159,10,AVANZAR,0.06925,0.88843
40.992,0.61757,0.15,-3.14159,10,AVANZAR,0.06757,0.89011
41.024,0.61577,0.15,-3.14159,10,AVANZAR,0.06577,0.89191
41.056,0.6141,0.15,-3.14159,10,AVANZAR,0.0641,0.89358
41.088,0.61242,0.15,-3.14159,10,AVANZAR,0.06242,0.89526
41.12,0.61088,0.15,-3.14159,10,AVANZAR,0.06088,0.8968
41.152,0.60933,0.15,-3.14159,10,AVANZAR,0.05933,0.89835
41.184,0.60779,0.15,-3.14159,10,AVANZAR,0.05779,0.89989
41.216,0.60637,0.15,-3.14159,10,AVANZAR,0.05637,0.90131
41.248,0.60483,0.15,-3.14159,10,AVANZAR,0.05483,0.90285
41.28,0.60341,0.15,-3.14159,10,AVANZAR,0.05341,0.90427
41.312,0.60213,0.15,-3.14159,10,AVANZAR,0.05213,0.90556
41.344,0.60071,0.15,-3.14159,10,AVANZAR,0.05071,0.90697
41.376,0.59942,0.15,-3.14159,10,AVANZAR,0.04942,0.90826
41.408,0.59826,0.15,-3.14159,10,AVANZAR,0.04826,0.90942
41.44,0.59698,0.15,-3.14159,10,AVANZAR,0.04698,0.91071
41.472,0.59582,0.15,-3.14159,10,AVANZAR,0.04582,0.91187
41.504,0.59466,0.15,-3.14159,10,AVANZAR,0.04466,0.91302
41.536,0.5935,0.15,-3.14159,10,AVANZAR,0.0435,0.91418
41.568,0.59234,0.15,-3.14159,10,AVANZAR,0.04234,0.91534
41.6,0.59131,0.15,-3.14159,10,AVANZAR,0.04131,0.91637
41.632,0.59015,0.15,-3.14159,10,AVANZAR,0.04015,0.91753
41.664,0.58912,0.15,-3.14159,10,AVANZAR,0.03912,0.91856
41.696,0.58822,0.15,-3.14159,10,AVANZAR,0.03822,0.91946
41.728,0.58719,0.15,-3.14159,10,AVANZAR,0.03719,0.92049
41.76,0.58629,0.15,-3.14159,10,AVANZAR,0.03629,0.92139
41.792,0.58526,0.15,-3.14159,10,AVANZAR,0.03526,0.92242
41.824,0.58436,0.15,-3.14159,10,AVANZAR,0.03436,0.92332
41.856,0.58359,0.15,-3.14159,10,AVANZAR,0.03359,0.9241
41.888,0.58269,0.15,-3.14159,10,AVANZAR,0.03269,0.925
41.92,0.58178,0.15,-3.14159,10,AVANZAR,0.03178,0.9259
41.952,0.58101,0.15,-3.14159,10,AVANZAR,0.03101,0.92667
41.984,0.58024,0.15,-3.14159,10,AVANZAR,0.03024,0.92744
42.016,0.57947,0.15,-3.14159,10,AVANZAR,0.02947,0.92822
42.048,0.57869,0.15,-3.14159,10,AVANZAR,0.02869,0.92899
42.08,0.57792,0.15,-3.14159,10,AVANZAR,0.02792,0.92976
42.112,0.57728,0.15,-3.14159,10,AVANZAR,0.02728,0.9304
42.144,0.57651,0.15,-3.14159,10,AVANZAR,0.02651,0.93118
42.176,0.57586,0.15,-3.14159,10,AVANZAR,0.02586,0.93182
42.208,0.57522,0.15,-3.14159,10,AVANZAR,0.02522,0.93246
42.24,0.57457,0.15,-3.14159,10,AVANZAR,0.02457,0.93311
42.272,0.57393,0.15,-3.14159,10,AVANZAR,0.02393,0.93375
42.304,0.57329,0.15,-3.14159,10,AVANZAR,0.02329,0.93439
42.336,0.57277,0.15,-3.14159,10,AVANZAR,0.02277,0.93491
42.368,0.57213,0.15,-3.14159,10,AVANZAR,0.02213,0.93555
42.4,0.57161,0.15,-3.14159,10,AVANZAR,0.02161,0.93607
42.432,0.57097,0.15,-3.14159,10,AVANZAR,0.02097,0.93671
42.464,0.57046,0.15,-3.14159,10,AVANZAR,0.02046,0.93723
42.496,0.56994,0.15,-3.14159,10,AVANZAR,0.01994,0.93774
42.528,0.56943,0.15,-3.14159,10,AVANZAR,0.01943,0.93826
42.56,0.56891,0.15,-3.14159,10,AVANZAR,0.01891,0.93877
42.592,0.56852,0.15,-3.14159,10,AVANZAR,0.01852,0.93916
42.624,0.56801,0.15,-3.14159,10,AVANZAR,0.01801,0.93967
42.656,0.56749,0.15,-3.14159,10,AVANZAR,0.01749,0.94019
42.688,0.56711,0.15,-3.14159,10,AVANZAR,0.01711,0.94057
42.72,0.56659,0.15,-3.14159,10,AVANZAR,0.01659,0.94109
42.752,0.56621,0.15,-3.14159,10,AVANZAR,0.01621,0.94148
42.784,0.56582,0.15,-3.14159,10,AVANZAR,0.01582,0.94186
42.816,0.56543,0.15,-3.14159,10,AVANZAR,0.01543,0.94225
42.848,0.56505,0.15,-3.14159,10,AVANZAR,0.01505,0.94263
42.88,0.56466,0.15,-3.14159,10,AVANZAR,0.01466,0.94302
42.912,0.56428,0.15,-3.14159,10,AVANZAR,0.01428,0.94341
42.944,0.56389,0.15,-3.14159,10,AVANZAR,0.01389,0.94379
42.976,0.5635,0.15,-3.14159,10,AVANZAR,0.0135,0.94418
43.008,0.56312,0.15,-3.14159,10,AVANZAR,0.01312,0.94457
43.04,0.56286,0.15,-3.14159,10,AVANZAR,0.01286,0.94482
43.072,0.56247,0.15,-3.14159,10,AVANZAR,0.01247,0.94521
43.104,0.56222,0.15,-3.14159,10,AVANZAR,0.01222,0.94547
43.136,0.56183,0.15,-3.14159,10,AVANZAR,0.01183,0.94585
43.168,0.56157,0.15,-3.14159,10,AVANZAR,0.01157,0.94611
43.2,0.56131,0.15,-3.14159,10,AVANZAR,0.01131,0.94637
43.232,0.56106,0.15,-3.14159,10,AVANZAR,0.01106,0.94663
43.264,0.56067,0.15,-3.14159,10,AVANZAR,0.01067,0.94701
43.296,0.56041,0.15,-3.14159,10,AVANZAR,0.01041,0.94727
43.328,0.56016,0.15,-3.14159,10,AVANZAR,0.01016,0.94753
43.36,0.5599,0.15,-3.14159,10,AVANZAR,0.0099,0.94778
43.392,0.55964,0.15,-3.14159,10,AVANZAR,0.00964,0.94804
43.424,0.55938,0.15,-3.14159,10,AVANZAR,0.00938,0.9483
43.456,0.55913,0.15,-3.14159,10,AVANZAR,0.00913,0.94856
43.488,0.559,0.15,-3.14159,10,AVANZAR,0.009,0.94869
43.52,0.55874,0.15,-3.14159,10,AVANZAR,0.00874,0.94894
43.552,0.55848,0.15,-3.14159,10,AVANZAR,0.00848,0.9492
43.584,0.55822,0.15,-3.14159,10,AVANZAR,0.00822,0.94946
43.616,0.5581,0.15,-3.14159,10,AVANZAR,0.0081,0.94959
43.648,0.55784,0.15,-3.14159,10,AVANZAR,0.00784,0.94984
43.68,0.55771,0.15,-3.14159,10,AVANZAR,0.00771,0.94997
43.712,0.55745,0.15,-3.14159,10,AVANZAR,0.00745,0.95023
43.744,0.55732,0.15,-3.14159,10,AVANZAR,0.00732,0.95036
43.776,0.55707,0.15,-3.14159,10,AVANZAR,0.00707,0.95062
43.808,0.55694,0.15,-3.14159,10,AVANZAR,0.00694,0.95074
43.84,0.55668,0.15,-3.14159,10,AVANZAR,0.00668,0.951
43.872,0.55655,0.15,-3.14159,10,AVANZAR,0.00655,0.95113
43.904,0.55642,0.15,-3.14159,10,AVANZAR,0.00642,0.95126
43.936,0.55616,0.15,-3.14159,10,AVANZAR,0.00616,0.95152
43.968,0.55604,0.15,-3.14159,10,AVANZAR,0.00604,0.95165
44.0,0.55591,0.15,-3.14159,10,AVANZAR,0.00591,0.95177
44.032,0.55578,0.15,-3.14159,10,AVANZAR,0.00578,0.9519
44.064,0.55565,0.15,-3.14159,10,AVANZAR,0.00565,0.95203
44.096,0.55539,0.15,-3.14159,10,AVANZAR,0.00539,0.95229
44.128,0.55526,0.15,-3.14159,10,AVANZAR,0.00526,0.95242
44.16,0.55514,0.15,-3.14159,10,AVANZAR,0.00514,0.95255
44.192,0.55501,0.15,-3.14159,10,AVANZAR,0.00501,0.95268
44.224,0.55,0.15,-3.14159,11,GIRAR,0.00488,0.9528
44.256,0.55,0.15,3.14159,11,AVANZAR,0.0,0.9528
44.288,0.55,0.15,-3.14159,11,AVANZAR,0.1,0.9528
44.32,0.54807,0.15,-3.14159,11,AVANZAR,0.09807,0.95474
44.352,0.54627,0.15,-3.14159,11,AVANZAR,0.09627,0.95654
44.384,0.54434,0.15,-3.14159,11,AVANZAR,0.09434,0.95847
44.416,0.5424,0.15,-3.14159,11,AVANZAR,0.0924,0.9604
44.448,0.54047,0.15,-3.14159,11,AVANZAR,0.09047,0.96233
44.48,0.53854,0.15,-3.14159,11,AVANZAR,0.08854,0.96426
44.512,0.53661,0.15,-3.14159,11,AVANZAR,0.08661,0.96619
44.544,0.53468,0.15,-3.14159,11,AVANZAR,0.08468,0.96812
44.576,0.53275,0.15,-3.14159,11,AVANZAR,0.08275,0.97006
44.608,0.53082,0.15,-3.14159,11,AVANZAR,0.08082,0.97199
44.64,0.52889,0.15,-3.14159,11,AVANZAR,0.07889,0.97392
44.672,0.52708,0.15,-3.14159,11,AVANZAR,0.07708,0.97572
44.704,0.52515,0.15,-3.14159,11,AVANZAR,0.07515,0.97765
44.736,0.52322,0.15,-3.14159,11,AVANZAR,0.07322,0.97958
44.768,0.52129,0.15,-3.14159,11,AVANZAR,0.07129,0.98151
44.8,0.51949,0.15,-3.14159,11,AVANZAR,0.06949,0.98332
44.832,0.51769,0.15,-3.14159,11,AVANZAR,0.06769,0.98512
44.864,0.51601,0.15,-3.14159,11,AVANZAR,0.06601,0.98679
44.896,0.51434,0.15,-3.14159,11,AVANZAR,0.06434,0.98847
44.928,0.51267,0.15,-3.14159,11,AVANZAR,0.06267,0.99014
44.96,0.51099,0.15,-3.14159,11,AVANZAR,0.06099,0.99181
44.992,0.50945,0.15,-3.14159,11,AVANZAR,0.05945,0.99336
45.024,0.5079,0.15,-3.14159,11,AVANZAR,0.0579,0.9949
45.056,0.50649,0.15,-3.14159,11,AVANZAR,0.05649,0.99632
45.088,0.50507,0.15,-3.14159,11,AVANZAR,0.05507,0.99774
45.12,0.50365,0.15,-3.14159,11,AVANZAR,0.05365,0.99915
45.152,0.50224,0.15,-3.14159,11,AVANZAR,0.05224,1.00057
45.184,0.50095,0.15,-3.14159,11,AVANZAR,0.05095,1.00185
45.216,0.49966,0.15,-3.14159,11,AVANZAR,0.04966,1.00314
45.248,0.49838,0.15,-3.14159,11,AVANZAR,0.04838,1.00443
45.28,0.49709,0.15,-3.14159,11,AVANZAR,0.04709,1.00572
45.312,0.49593,0.15,-3.14159,11,AVANZAR,0.04593,1.00688
45.344,0.49477,0.15,-3.14159,11,AVANZAR,0.04477,1.00803
45.376,0.49361,0.15,-3.14159,11,AVANZAR,0.04361,1.00919
45.408,0.49245,0.15,-3.14159,11,AVANZAR,0.04245,1.01035
45.44,0.49142,0.15,-3.14159,11,AVANZAR,0.04142,1.01138
45.472,0.49026,0.15,-3.14159,11,AVANZAR,0.04026,1.01254
45.504,0.48923,0.15,-3.14159,11,AVANZAR,0.03923,1.01357
45.536,0.48833,0.15,-3.14159,11,AVANZAR,0.03833,1.01447
45.568,0.4873,0.15,-3.14159,11,AVANZAR,0.0373,1.0155
45.6,0.4864,0.15,-3.14159,11,AVANZAR,0.0364,1.0164
45.632,0.48537,0.15,-3.14159,11,AVANZAR,0.03537,1.01743
45.664,0.48447,0.15,-3.14159,11,AVANZAR,0.03447,1.01833
45.696,0.48357,0.15,-3.14159,11,AVANZAR,0.03357,1.01923
45.728,0.4828,0.15,-3.14159,11,AVANZAR,0.0328,1.02001
45.76,0.4819,0.15,-3.14159,11,AVANZAR,0.0319,1.02091
45.792,0.48112,0.15,-3.14159,11,AVANZAR,0.03112,1.02168
45.824,0.48035,0.15,-3.14159,11,AVANZAR,0.03035,1.02245
45.856,0.47958,0.15,-3.14159,11,AVANZAR,0.02958,1.02323
45.888,0.47881,0.15,-3.14159,11,AVANZAR,0.02881,1.024
45.92,0.47803,0.15,-3.14159,11,AVANZAR,0.02803,1.02477
45.952,0.47726,0.15,-3.14159,11,AVANZAR,0.02726,1.02554
45.984,0.47662,0.15,-3.14159,11,AVANZAR,0.02662,1.02619
46.016,0.47597,0.15,-3.14159,11,AVANZAR,0.02597,1.02683
46.048,0.47533,0.15,-3.14159,11,AVANZAR,0.02533,1.02747
46.08,0.47469,0.15,-3.14159,11,AVANZAR,0.02469,1.02812
46.112,0.47404,0.15,-3.14159,11,AVANZAR,0.02404,1.02876
46.144,0.4734,0.15,-3.14159,11,AVANZAR,0.0234,1.02941
46.176,0.47276,0.15,-3.14159,11,AVANZAR,0.02276,1.03005
46.208,0.47224,0.15,-3.14159,11,AVANZAR,0.02224,1.03056
46.24,0.4716,0.15,-3.14159,11,AVANZAR,0.0216,1.03121
46.272,0.47108,0.15,-3.14159,11,AVANZAR,0.02108,1.03172
46.304,0.47057,0.15,-3.14159,11,AVANZAR,0.02057,1.03224
46.336,0.47005,0.15,-3.14159,11,AVANZAR,0.02005,1.03275
46.368,0.46954,0.15,-3.14159,11,AVANZAR,0.01954,1.03327
46.4,0.46902,0.15,-3.14159,11,AVANZAR,0.01902,1.03378
46.432,0.46851,0.15,-3.14159,11,AVANZAR,0.01851,1.0343
46.464,0.46799,0.15,-3.14159,11,AVANZAR,0.01799,1.03481
46.496,0.46761,0.15,-3.14159,11,AVANZAR,0.01761,1.0352
46.528,0.46709,0.15,-3.14159,11,AVANZAR,0.01709,1.03571
46.56,0.46671,0.15,-3.14159,11,AVANZAR,0.01671,1.0361
46.592,0.46632,0.15,-3.14159,11,AVANZAR,0.01632,1.03649
46.624,0.4658,0.15,-3.14159,11,AVANZAR,0.0158,1.037
46.656,0.46542,0.15,-3.14159,11,AVANZAR,0.01542,1.03739
46.688,0.46503,0.15,-3.14159,11,AVANZAR,0.01503,1.03777
46.72,0.46465,0.15,-3.14159,11,AVANZAR,0.01465,1.03816
46.752,0.46426,0.15,-3.14159,11,AVANZAR,0.01426,1.03855
46.784,0.46387,0.15,-3.14159,11,AVANZAR,0.01387,1.03893
46.816,0.46362,0.15,-3.14159,11,AVANZAR,0.01362,1.03919
46.848,0.46323,0.15,-3.14159,11,AVANZAR,0.01323,1.03958
46.88,0.46284,0.15,-3.14159,11,AVANZAR,0.01284,1.03996
46.912,0.46259,0.15,-3.14159,11,AVANZAR,0.01259,1.04022
46.944,0.4622,0.15,-3.14159,11,AVANZAR,0.0122,1.04061
46.976,0.46194,0.15,-3.14159,11,AVANZAR,0.01194,1.04086
47.008,0.46156,0.15,-3.14159,11,AVANZAR,0.01156,1.04125
47.04,0.4613,0.15,-3.14159,11,AVANZAR,0.0113,1.04151
47.072,0.46104,0.15,-3.14159,11,AVANZAR,0.01104,1.04176
47.104,0.46078,0.15,-3.14159,11,AVANZAR,0.01078,1.04202
47.136,0.46053,0.15,-3.14159,11,AVANZAR,0.01053,1.04228
47.168,0.46014,0.15,-3.14159,11,AVANZAR,0.01014,1.04267
47.2,0.45988,0.15,-3.14159,11,AVANZAR,0.00988,1.04292
47.232,0.45962,0.15,-3.14159,11,AVANZAR,0.00962,1.04318
47.264,0.4595,0.15,-3.14159,11,AVANZAR,0.0095,1.04331
47.296,0.45924,0.15,-3.14159,11,AVANZAR,0.00924,1.04357
47.328,0.45898,0.15,-3.14159,11,AVANZAR,0.00898,1.04382
47.36,0.45872,0.15,-3.14159,11,AVANZAR,0.00872,1.04408
47.392,0.45847,0.15,-3.14159,11,AVANZAR,0.00847,1.04434
47.424,0.45834,0.15,-3.14159,11,AVANZAR,0.00834,1.04447
47.456,0.45808,0.15,-3.14159,11,AVANZAR,0.00808,1.04473
47.488,0.45782,0.15,-3.14159,11,AVANZAR,0.00782,1.04498
47.52,0.45769,0.15,-3.14159,11,AVANZAR,0.00769,1.04511
47.552,0.45744,0.15,-3.14159,11,AVANZAR,0.00744,1.04537
47.584,0.45731,0.15,-3.14159,11,AVANZAR,0.00731,1.0455
47.616,0.45705,0.15,-3.14159,11,AVANZAR,0.00705,1.04576
47.648,0.45692,0.15,-3.14159,11,AVANZAR,0.00692,1.04588
47.68,0.45679,0.15,-3.14159,11,AVANZAR,0.00679,1.04601
47.712,0.45653,0.15,-3.14159,11,AVANZAR,0.00653,1.04627
47.744,0.45641,0.15,-3.14159,11,AVANZAR,0.00641,1.0464
47.776,0.45628,0.15,-3.14159,11,AVANZAR,0.00628,1.04653
47.808,0.45602,0.15,-3.14159,11,AVANZAR,0.00602,1.04678
47.84,0.45589,0.15,-3.14159,11,AVANZAR,0.00589,1.04691
47.872,0.45576,0.15,-3.14159,11,AVANZAR,0.00576,1.04704
47.904,0.45563,0.15,-3.14159,11,AVANZAR,0.00563,1.04717
47.936,0.4555,0.15,-3.14159,11,AVANZAR,0.0055,1.0473
47.968,0.45538,0.15,-3.14159,11,AVANZAR,0.00538,1.04743
48.0,0.45525,0.15,-3.14159,11,AVANZAR,0.00525,1.04756
48.032,0.45512,0.15,-3.14159,11,AVANZAR,0.00512,1.04769
48.064,0.45,0.15,-3.14159,12,GIRAR,0.00486,1.04794
48.096,0.45,0.15,-3.14159,12,GIRAR,1.5708,1.04794
48.128,0.45006,0.15,-3.10446,12,GIRAR,1.53366,1.04801
